DATE,09:15,09:20,09:25,09:30,09:35,09:40,09:45,09:50,09:55,10:00,10:05,10:10,10:15,10:20,10:25,10:30,10:35,10:40,10:45,10:50,10:55,11:00,11:05,11:10,11:15,11:20,11:25,11:30,11:35,11:40,11:45,11:50,11:55,12:00,12:05,12:10,12:15,12:20,12:25,12:30,12:35,12:40,12:45,12:50,12:55,13:00,13:05,13:10,13:15,13:20,13:25,13:30,13:35,13:40,13:45,13:50,13:55,14:00,14:05,14:10,14:15,14:20,14:25,14:30,14:35,14:40,14:45,14:50,14:55,15:00,15:05,15:10,15:15,15:20,15:25,15:30
2025-09-01,90.8,6.6,1.25,11.65,-3.9,-0.6,-0.5,24.95,-11.6,-9.05,-5.2,-10.85,-7.65,-3.6,14.95,-17,3.35,15,8.65,-10.8,16.45,5.35,-8.9,5.65,-3.6,-5.8,8.35,-7.95,0.2,-6,-17.15,0.25,-1.6,15.35,6.75,3.8,-1.35,9.4,13.25,-3,-3.75,-1.55,0.65,-1.1,4.35,8.05,11,1.5,3.85,-4.3,4.3,6.85,2,-9.65,2.4,-0.65,0.15,8.65,6.1,3.15,-7,-1.1,-8.4,14.9,1.8,-2.65,0.45,-1.35,14.85,-7.05,3.05,-3.6,3.5,-1.4,-2.95,
2025-09-02,9.9,-20.85,12.75,22.7,10.65,0.5,9.1,16.6,9.5,20.75,-4.85,-11.2,-1.65,-6.85,15.25,-16.55,3.5,15.2,-3.3,4.2,1.75,-5.5,6.55,-9.4,-5.1,-8.8,3.7,14.2,2.9,-7.2,-1.8,-3.4,-0.4,8.05,-3.35,-3.9,-9.05,12.55,7.75,6.65,9.85,-16.9,4.75,-3,3.5,-4.2,-4.5,-7.45,-16,-20.85,-1.15,11.5,2.75,-43.15,4.8,-31.4,-36.15,-26.3,5.85,-1.65,11.35,-14.45,-11.85,13.7,18.2,16.65,0.9,-28.25,11.9,-5.1,16.35,-2.8,-3.1,-12.15,-0.75,
2025-09-03,-75.5,17.05,37.4,-21.3,-24.3,-1.45,14.5,10.4,-0.1,22.5,8.6,-2.25,-15.5,4.6,1.75,-11.9,-22.65,0.45,2.7,-4.75,13.65,-2.85,7.5,-0.95,7.65,-23.1,9.7,-2.9,14.65,0.6,-4.25,3.95,14.4,2.55,5.3,22.55,1.5,10.5,-5.35,2.1,4.9,-19.05,-11.85,-5.25,-10.05,0.65,9.3,-6.6,12.7,-3.5,5.25,-5.8,-7.1,24.85,9.65,3.95,6.6,-4.05,13.65,-2.9,6.65,-0.6,3,7.75,-0.65,-12.65,5.1,18,-2.8,22.75,12.8,8.3,3.8,-7.2,-6.15,
2025-09-04,-116.95,8.9,22.55,31.8,-30.05,-15.5,25,5.3,-13.95,-2.45,-32.85,-30.8,22.85,16.25,-27.1,-0.35,-20.6,-12.4,17.3,5.4,-7.85,-4.45,-9.65,-3.75,3.55,-16.5,20.1,-2.4,-8.45,4.65,-7.45,9.75,-5.05,7.6,-13.1,-4.45,-21.7,-14.65,4,13.7,14.95,15.85,3.65,-2.75,13.15,2.1,-10.5,-8.4,-5.3,9.5,-3.65,1.9,-7.6,-19.55,-15.2,5.75,-1.7,7.8,-10.95,-8.2,-8.15,-37.65,3.8,27.5,-19.8,40.1,-8,-28.15,8.6,-8.75,1.55,-17.5,8.35,19.15,-9.25,
2025-09-05,8.65,-34.45,-10.1,27,-29.1,-4.5,16.05,4.75,-17,-12.1,-14.45,-76.85,-28.1,24.2,45.25,-31.9,17.45,-3.55,-8.3,-26.4,14.75,16.1,-16.9,10.5,-2.65,-5.9,12.5,-0.9,-1.05,-17.25,-11.55,1.8,1.4,-8.1,10.2,-18.95,-5.3,10.1,0.5,-22.1,4.55,-2.15,-9.75,6.15,10.95,-6.1,12.45,18.65,9.7,-3.6,9.1,5.35,7.95,6.7,33.15,12.1,16.45,4.1,-16.2,-12.5,11.3,-2.45,-2.3,-6.3,-24.65,2.2,2.2,10.4,9.35,-16.6,19.15,-13,3,6.7,-1.65,
2025-09-08,-14.95,-22.05,21.6,35.85,12.6,-6.35,-1.15,-17,-0.25,17.2,-16.8,-10.85,4.5,-8.6,-7.7,-6.25,9.1,9.3,-7.35,-11.8,0.7,1.25,7.05,12.55,7.95,-13.1,16.95,5.2,-7.1,10.5,-6.75,-5.8,-0.25,13.5,0.4,7.9,0.25,-4.95,-1.25,1.15,20.85,1.35,-0.1,4.3,5.4,-5.2,5.25,3.75,-14.65,-3.8,4.25,-0.45,-3.65,-5.3,-12.85,-2.95,10.7,-12.35,6.05,7.1,8.55,-9.85,1.85,19.6,-7.8,-2.45,-93.55,30.7,-5.05,-37,-5.45,1.5,6.25,13.25,3.75,
2025-09-09,-9.9,-1.1,-0.6,-12.45,9.45,7.6,-3.1,7.7,-11.55,-3.65,-6.25,-15.25,-0.45,1.6,2.7,2.5,-13.2,4.25,-1.05,-4.85,13.2,7.85,3.35,-2.85,-2.15,17.7,-9.35,0.05,5.95,1.2,-5.3,-3.25,9.75,-14.65,-16.5,24.95,7.4,1.45,-12.65,13.75,-6.55,5.9,11.15,-7.7,1.2,2.75,1.9,-3.95,3.4,1.25,1.05,10.95,-5.5,-6.35,-0.25,2.3,-0.65,8.85,2.45,3.45,-4.55,-8.9,15.6,-3.95,-14.85,-16.2,20,17.1,-15.85,3.9,-7.15,11.9,-3.05,8.7,2.4,
2025-09-10,-28.35,3.1,25.6,-0.45,4.1,17.95,-9.15,-10.35,6.4,6,-2.75,1.65,4.4,0.75,19.95,-10.4,-8.2,-8.55,-5.25,11.8,3.55,6.9,6.1,-12.75,-31.65,12.2,-3.8,2.7,5.1,-8.3,-9.85,6.8,-9.75,-4.55,18,0.8,1.65,-2.85,6.2,-5.4,-10.8,5.35,-7.55,-4.15,2.8,-3.2,1,-13.85,-8.9,7.3,8.5,-12.3,2.25,7.4,-5.8,-0.25,-0.35,-3.45,14.45,-9.1,-18.25,2.1,-1.85,-1.15,5.1,-29.9,30.7,4.55,-12.5,22.4,10.7,7.2,2.35,0.35,-3.45,
2025-09-11,55.3,0.85,-18.1,-0.8,6.15,-12.05,4.25,2.65,-4.2,-13.4,-8.55,6.15,11.9,-3.5,5.75,3.3,3.9,-5.25,1.8,-4.9,-3.3,9.15,1.3,-5.7,2.85,-6.1,-0.4,-3.15,-12.1,1.9,5.5,-5,12.6,4.55,3.75,3.05,10.45,3.9,4.7,1.5,-8.7,0.5,-3.85,9.3,2,1.35,-1.85,-0.55,-9.05,-4.7,15.75,-4.8,2.85,5.55,1.75,1.8,-6.15,1.75,1.95,1.35,5.8,2.25,-0.4,-9.6,13.3,-4.45,3.45,0.25,-6.95,-0.45,-8.4,-4.3,3.9,-1.2,5.2,
2025-09-12,-21.15,-8.6,12.6,-8.05,3.9,-5.6,10.45,-1.95,-3.25,11.3,7.5,0.85,-7,7.15,-3.2,3.35,4.6,10.05,-0.15,-2.05,-2.6,6.05,14.7,-2.2,14.85,3.4,14.25,-4.15,0.8,-2.35,-0.8,1.1,-4.5,5.3,-1.7,-1.75,4.1,-2.15,-0.55,-3.2,0.65,-1.05,-4.05,-8,5.7,1.65,5.5,2.85,1.8,1.55,0.15,1.85,2.15,-12.9,-5.8,10.05,10.55,4.5,-10.55,0.9,-2.3,0.8,1.25,-6.2,-3.7,2.2,-4.9,-1.7,-4.5,8.7,5.2,1.65,-0.75,-5.05,-1.55,
2025-09-15,-27.5,6.7,15.55,-27.3,0.8,2.9,9.05,6.95,-11.8,-5.5,-15.75,10.35,1.3,4.6,-3.2,7.95,1.35,-19.2,-1.7,-0.45,3.15,7.6,-3.6,-5.5,-0.8,9.75,3.3,6.25,-4.05,-5.8,12.1,6.6,7.85,-2.2,-5.9,1.3,0.9,3.25,5.15,0.4,-5,-13.15,5.5,-5.5,7.75,1.35,9,-5.2,4.3,4.55,-2.2,-5.85,-1.1,-32,6.05,9.5,-3.7,-1.5,-1.95,-7.1,2.2,-3.4,4.9,7.3,-3.25,16.35,-8.55,1.4,-6.7,-4.2,-9.45,-1.6,-2.25,0.65,4.25,
2025-09-16,33.15,9.65,-5,14.05,9.55,-4.05,-1.25,17.1,5.65,14.3,3.05,-7.5,1.05,-5.65,6.8,3.1,1.45,-7.2,-9.35,4.1,-4.4,-0.55,3.45,8.8,-3.95,8.05,1.5,6.45,-2.75,-1.1,4.45,0.35,-7.7,7.85,-2.6,1.5,3.1,16.65,-2.65,6.7,-0.15,1.7,-0.4,0.85,-2.15,-1.2,0.85,-7.1,-8.4,4.75,-3.45,-4.45,3.15,0.7,-3.3,-5.8,5.95,4.55,-17.25,19.2,9.3,9.45,1.35,6.5,22.6,-17.25,3.55,-0.95,-10.2,23.45,6.4,1.5,1.7,10,0.5,
2025-09-17,20.45,23.95,-17.85,14.2,21.8,-3.75,-17.15,-0.65,6.15,6.1,-3.9,-7.7,-6.1,19.15,-5.85,3.45,5.85,-16.2,0.5,8.3,14.1,-0.7,-1.05,2.4,-5.75,-1.4,-2.9,-2.7,-1,3.95,3.7,5,2.65,-7.9,1.6,0.1,-5.85,7.3,9.1,4.25,-2.85,-2.45,1.15,2.55,-1.1,3.45,-0.75,2.1,6.65,-0.6,-7.15,1.5,-5.45,-7.3,-1.5,-0.4,0.65,-9.95,-7.05,0.3,7.55,-6.65,-1.55,-1.65,5.65,-1.85,3.8,9.35,0.75,3.5,1.15,-1.9,-0.75,-0.65,4.7,
2025-09-18,-29.85,17,-2.75,-5.95,-13.45,18.5,-2.95,-5.25,-2.2,-0.85,8.95,-14.25,-0.15,3.95,5.4,-1.35,1.45,5.15,-0.7,2.1,4.5,0.4,-1.5,-9.4,-1.3,0.4,-1.65,1,-2.55,-7.05,-0.7,0.45,1.25,-0.9,6.05,-3.55,1.65,-3.15,-4.8,-14.9,-9,-1.25,-7.1,6.45,4.2,-29.65,11,-6.55,-0.65,5.75,11.5,7.7,-4.55,1.85,-1.25,-14.7,-6.2,1.3,-12.45,14.45,-3.55,-16.4,1.55,-6.85,4.7,7.65,36.3,1.1,3.35,26.25,6.2,-4.2,11.25,-4.7,-9.7,
2025-09-19,-28.75,-19.15,2.4,-24,-7.95,8.7,-3.45,3.2,-24.05,-2.95,4.05,6.35,-10.95,15.05,7.75,-17.3,2.75,-3.35,-1.45,2.95,-7.5,-6.35,5,-5.95,-1.75,0.95,5.75,-3.5,-2.1,-4.25,-13.5,4.5,1.6,-11.3,5.4,9.55,-13.1,7.45,-6.5,-3.3,1.35,0.9,-2.5,7.3,6.95,15.15,-0.35,7.9,4.45,2.35,9,1,-4.75,1.45,1.9,0.85,-1.05,8.7,-3.75,7.4,-14.05,-8.4,-1.5,5.55,3.65,1.2,8.7,6.05,-3.5,-32.7,-6.35,6.65,14.8,-1.6,18.65,
2025-09-22,20.45,19.05,12.15,14.4,11.45,0.8,2.2,-10.15,12.15,4.35,-0.85,-8.7,0.65,-6.35,8.3,3.45,1.55,-3.5,-6.45,0.5,1.9,-9.55,-2.8,-0.9,-8.65,-4.75,-0.25,-9.95,5.55,13.8,-1.35,3,-2.85,-1.15,-3.25,0.65,2.05,0.2,-6.15,0,8.05,1.8,-0.5,-7.5,0.95,6.15,-3.05,-3.9,-18.55,-10.5,6.7,-11.55,4.3,-1.5,2.4,-7.05,-17.05,1.8,11.8,6.35,-6.55,-8.35,-26.45,-12.6,-12.55,-33.45,0.7,17.55,-3.75,14.1,-15.85,0.5,7.15,7.35,-9.45,
2025-09-23,18.1,-14.95,-22.9,-17.4,5.35,-28.55,-22.85,10.25,10.45,11.4,8.45,-10.9,-19.05,-13.1,11.1,-6.6,15.65,-4.3,-6.25,-1.7,-3.65,5.95,-6.55,-21.5,-12.1,12,0.3,-4.6,-7.25,17.2,3.25,5,0.05,1.6,15.65,12.15,-1.85,-4.55,19.55,29.6,30.2,-32.5,0.5,2.05,-5.8,19.95,-5.75,1.2,1.85,0.6,14,25.4,-16.8,1.25,5.85,-0.3,-15.65,24.2,22.5,-44.3,6.2,13.45,-12,-2.85,1.75,13.95,-32.3,0.5,2.75,-6.55,-10.1,14.15,-6.1,-2.55,19.25,
2025-09-24,-16.45,-8.55,-9.3,-3.2,4.6,-11.3,18,0.55,15.9,6.4,7.35,-8.05,12.95,-5.05,-1.8,-2,-2.1,-15.05,-6.85,-3.45,10.6,-25.1,-18.55,21.7,3.45,-0.85,9.9,1.9,3.1,-0.1,9.85,-0.85,0.45,-13.55,8.65,21.7,4.25,5.25,-2.75,4.7,2.75,-10.5,-0.45,13.7,5.65,10.3,-5.1,16.55,3.6,-4.35,2.95,0.5,-0.55,-4.25,-8.45,10.4,-16.5,1.7,-8.3,-4.5,5,-19.65,1.65,-13.65,23,-31.45,0.65,-1.15,-23.85,23.45,-1,-3.65,-0.75,8.7,-1.9,
2025-09-25,19.9,27.2,-23.7,3.45,10.85,-17.8,-5.25,1.1,8.05,-15.2,-1.6,-6.5,7.6,2.1,0.85,-6.1,-24.3,-6.05,2.1,4.3,-6.85,-2.45,6.45,12.45,-2,9.35,-5.05,-12.95,-5.2,-24.15,0.45,-4.9,-3.5,-2.95,-11.25,11.65,5.95,-8.1,4.3,-3.55,7.1,-24.05,9.6,9.35,3.7,10.75,8.15,-14.05,8.6,-26,3.1,5.2,1.6,10.1,8.4,-10.2,-11.85,-7.9,-6.8,0.6,-0.2,-9,0.15,-8.75,13.6,-17.3,-2.55,-6.8,-12.1,-38,-5.9,1.35,16.25,-10.95,15.55,
2025-09-26,-2.55,-1.8,-21.65,-14.15,1.95,2.4,31.55,-7.65,10.95,-17.35,-15.05,-3.2,-4.9,14.9,5.6,-4.2,4.2,6.3,1.8,-9,-10.45,-10.15,14.8,-14.75,-13.55,4.65,2.75,-11.7,-7.5,5.65,5.35,16.6,-1.55,-12.6,5.15,1.35,-7.9,21.05,-13.05,-9.5,8.9,6.7,12.85,5.8,-15.25,8.2,-0.6,-21.4,-3.7,-12.75,-6.1,-28.7,5.85,0.6,2.6,-34.5,-14.25,-20,11.3,5.5,-16.4,-15.3,12.5,-2.8,16.25,4.4,-0.15,-28.85,18.1,5.25,-8,-1.65,7.6,9.4,12,
2025-09-29,-54.85,29.85,8.7,14.5,8.8,14.4,-6.2,10.25,3.1,-4.85,-10.3,14.4,26.2,-1.6,-15.4,-0.7,-9.95,3,-15.4,-11.5,9.3,13.2,-0.75,-15.25,-3.7,2.6,-5.35,-27.35,-35.65,2.1,-27.05,13,7.6,-6.65,-15.8,-1.9,-1.65,11.05,5.6,-5.65,-34.5,-4.2,2.05,12.35,12.15,40.95,-19.75,22.95,-15.45,23.9,6,15.05,3.75,-28.55,9.45,-3.15,17.55,21.2,-11.85,1.95,2.7,4.55,-14.1,9.1,-11.95,-26.8,-9.5,4.1,1.2,-66.6,8.15,14.1,-11.1,23.5,23.85,
2025-09-30,21.7,-5.95,-37.05,7.65,-20.3,-4.6,16.2,-7.25,1.3,9.45,-23.9,-8.7,12.15,-2.55,-22.05,2.35,-28.15,23.75,-11.15,14.85,9.1,20.55,5.7,3.5,-2.35,-15.9,-1.3,9.9,-2.1,-12.3,3.85,-10.65,-4.35,12.55,1.1,-2.85,19.55,4,3.85,3.2,-2.5,-12,-9,9.25,-9,-2.2,13.7,1.65,0,-10.5,-9.85,-2.6,-5.2,0.25,7.6,-12.45,2.4,1.25,-6.6,-7.25,-22.8,19.75,-7.6,6.6,11.85,7.4,-13.35,5.65,2.05,-16.85,-3.55,6.45,-6.1,4.9,21.55,
2025-10-01,-0.05,16.15,15.7,11.45,6.2,12.5,10.25,-18.6,0.25,-32.95,9,10.25,6.05,-7.65,5.15,24,-16.75,-7.7,7.2,3.3,7.95,3.8,7.25,10.6,18,-7.25,10.2,18.75,2.7,30.85,6,-2.6,14.7,12.1,-9.75,6.3,-16.15,-13.05,3.05,-12.45,11.4,-16.05,12.8,-3.95,-14.05,0.1,12.5,6.05,1.1,2.55,13.8,-8.15,5.2,-3.15,-6.3,7.2,1.35,7.55,18.1,-13.1,10.2,15.35,5,6.2,7.75,10.15,15.45,-14.85,-13.55,1.7,-6.3,-7.95,15.7,1.5,10.8,
2025-10-03,25.5,0.85,-4.35,-13.3,15.9,3.8,7.3,25.2,6.65,-15.95,-8.2,-5.65,-5.2,-5,25.25,8.15,-5,-32.3,8.45,6.75,-5.85,6.55,5.2,13.3,8.35,-6.05,-5.45,16.1,-5.6,-1.15,0,5.15,-7.2,4.35,18.25,-1.75,-24.25,6.65,3.5,-21.15,12.35,10.75,0.95,3.9,-2.75,-3.35,18.05,1.75,-1.3,-7,-9.35,-0.65,-8.4,13.65,-5.2,10.1,-3.45,8.85,-12.45,-17.35,10.9,-2.4,12.2,8.9,28.75,13,-10.25,10.2,8.55,5.3,3.7,-10.1,-3.3,9.95,-0.45,
2025-10-06,10.5,-9.5,-15.95,10.35,16.4,18.35,12.85,-16.9,12.2,0.95,3.55,10.15,0.8,3.55,-8.45,13.85,7.95,-10.65,-2.25,6.5,3.55,-0.15,4.55,25.25,-18.9,3.35,11.65,-0.85,-5.15,1,-6.15,-11.3,5.35,6.85,1.65,8.5,-0.05,1.4,-4.6,-0.1,-1.45,11.05,4.05,8.25,12.65,9.45,12.1,1.15,-6.6,-2.3,17.7,13.7,1.45,-6.15,-15.55,5.6,9.55,-6,-3.6,-1.85,-5.2,7.45,-24.05,26.85,6.2,-6,-11.25,20.15,6.7,-12.3,9.45,-7.25,6.4,-3.45,-5.4,
2025-10-07,-0.4,27.45,8.45,-1.35,15.2,14.45,14.55,17.85,2.05,18.55,-12.95,-4.05,-4.45,-7.15,3.3,-4.85,10.75,-12.65,-5.45,-1.05,-7.05,-0.65,6.05,-9,-11.1,-38.55,31.55,-3.25,-15.8,7.4,-0.35,3.2,5.45,23.8,7.7,-7.5,-6.15,3.4,11.3,-3.8,7.85,1.4,0.65,9.25,-1.8,9.45,7.55,-3.7,5.95,-0.9,4.3,-21.9,17.8,18.25,-4.15,-5.15,-2.7,5.15,7,4,-13.85,-2.05,-41.8,5.4,-15.4,-7,28.4,-23.3,-0.7,-14.75,-11.85,-19.1,9.9,-2.9,10.75,
2025-10-08,66.3,27.7,4.2,-15.45,19.9,-1.8,-22.55,0.8,10.1,-8.1,12.2,-15.5,-6.4,-21.6,14.55,-7.55,8.9,-7.35,-6.1,-14.95,-14,-17.7,-20.8,-5,-7,4.95,-1,6.25,4.75,-6.7,5.6,17.55,-9.3,-14.8,6.25,13,-7.2,-28.6,12,-3.55,4.6,15.15,24.25,11.85,12.8,-3.35,15.25,2.8,7.65,-2.9,-6.65,26.15,1.95,-2.7,5.85,-2.2,7,-10.85,-54.05,7.2,3.9,-2.45,-13.05,-6.1,22.25,-9.35,-6.9,20.25,-19.25,-0.2,-7.65,-18.35,7.4,-5.45,-15,
2025-10-09,-15.35,45.55,2.6,-16.25,5.9,-29.85,-6,-0.85,-10.85,5.85,-12,-1.75,9,20.15,6.75,9.95,11.25,0.45,-2.95,-7.7,13.9,17,33.15,0.9,-16.6,5.4,5.95,7.85,6.05,-11.65,19.8,-22.1,-15.25,4.75,-8.3,7.65,13.75,-0.5,-8.1,0.5,-6.3,-0.05,9.5,-11,-1.75,3.35,2.3,-6.55,9.2,-11.6,14.35,0.2,-7.5,10.1,-5.5,13.8,6.65,8.5,-6.7,-27.2,-8.9,-1.3,8.9,-6.25,25.2,-3.4,-20.15,29.65,8.6,13.2,14.6,-18.1,10.75,-5.55,-10.95,
2025-10-10,53.55,15.15,-4.5,18.95,-5.2,24.15,10.9,-12,-0.35,7.25,-16.8,5.9,30.8,-13.7,-2.2,6.3,-9.45,-14.3,17.7,14.1,5.7,7.25,-14.7,21.6,-6.65,-12.45,-7.75,1.5,-4.6,5.5,3.4,-2.85,-6.95,13.1,-17.3,7.25,-9.4,11.05,-6.15,-0.2,-1.9,25.65,6.05,5.8,-2.3,1.75,-12.8,4.3,3.65,5.95,-13.85,15.35,6.75,-12.05,-4.45,2.55,-10.45,5.75,-6.95,2.35,-7.6,15.25,-4.4,-4.6,-5.45,4.3,-13.2,7.45,4.45,-22.7,3.45,1.55,1.35,2.05,-8.65,
2025-10-13,36.5,2.15,-20.15,-32.85,38.7,14.9,13.1,-27.35,-1.9,-8.5,6.1,0.9,-11.8,-1.4,20.3,-1.1,4.8,-6.4,-2.05,-9.55,-2,3.9,2,-5.2,-12.65,-13.45,17.65,-0.8,-0.15,-0.5,10.4,2.35,6.3,-17.7,-1.6,11.35,-6.55,-0.9,11.8,-7.75,6.65,16.7,-24.25,11.4,14.7,-36.15,17.8,21.45,-15,-15.5,7.4,5.65,5.35,-0.1,15.55,-19.1,-10.4,32.1,2.5,-10.85,-5.35,24.15,22.8,-3.8,0.85,-1.8,-8.95,15.8,-4.2,-34.8,6.55,-1.8,6.6,7.3,2.45,
2025-10-14,15.75,11,-8.5,-8.3,-37.4,-12.6,-2.25,-10.15,-16.75,-11.4,0.75,1.25,-15.05,12.9,15.75,4.65,-1.6,5.1,-6.75,-7.65,-3.05,-9.4,-19.05,0.65,-32.85,-9.35,9.55,-4.75,10.15,-3.65,-2.95,11.9,2.65,0.1,-40.65,2.95,3.25,3.65,-34.8,14.25,-28.9,-10.1,19.45,2.4,7.75,-4.6,-19.2,9,0.4,10.2,4.25,28.95,-6.15,-0.55,7.9,-20.5,14.85,7.25,-4.05,-2.2,-16.7,42.2,-3.1,23.85,0.7,8.65,-13.85,11.05,3.9,-26.55,-0.1,-5.05,-0.8,-16.95,-2.75,
2025-10-15,58,0.55,9.45,0.2,-30.25,1.4,-4.25,0.45,-5.95,1.15,14.15,21.65,2.15,18.75,-0.2,14.9,-1.2,3.2,-9.15,22.45,9.75,-15.4,-7.95,-1.3,0.15,10.95,16.2,-12.55,-2.75,0.6,-7.4,7.25,2.5,-15.5,9.5,-14.3,5.6,-0.2,10.55,2.45,-1.8,12.55,-7.7,13.35,2.3,0.45,-1,-7.65,17.95,-3.2,5.8,10.15,-6.95,-2.85,-4.1,-4.15,-7.55,-11.35,5.4,-4.35,2.55,-3.85,7.55,-2,-8.7,4.7,-32.2,14.9,1.95,-2.35,3.8,12.35,0.7,3.9,-5.2,
2025-10-16,17.25,1.1,11.4,8.6,-19.2,17.3,6.8,12.9,-16.7,9.2,-6.4,-12.8,13.25,12.3,3.35,1.9,1.9,2.45,3.05,-4.3,8.95,-4.3,0.05,-2.75,-0.55,-10.5,8.9,-4.8,-1.05,-6.65,-4.35,19,-9.2,8,-3.5,21.55,2.15,12.9,5,11,3.25,-5.75,-9.4,18.25,-11.8,11.9,-6.7,14.35,-18.8,11.2,7.1,5.45,-3.45,12.55,-0.2,-9.6,8.7,14.1,16.9,-20.95,7.4,28.8,-6.75,13.65,7.3,6.35,-15.1,14.4,12.95,-22.45,-14.55,-15.2,5.8,2.05,-8.35,
2025-10-17,7.2,3.25,47.9,2.35,9.15,2.2,-42.75,17.2,9.55,15.4,42,11.4,1.65,0.3,4.15,14,-8.25,6.2,-1.35,17,20.15,11.8,3.75,6.4,2.95,-1.45,13.15,1.55,-6.9,-20.35,11.45,-11.35,13.8,4.85,-3.85,0.9,2.95,5.25,1.3,-4.3,-15.3,-6.15,-19.45,-42.3,0.3,-28.6,-9,0.15,1.8,14.25,-12.3,-31.35,-9.5,20.15,-11.95,-11.95,29.4,-3.4,11,-6.25,15.35,9.1,-32.35,22.45,22.5,-1.15,-9.4,4.2,-6.25,-15.3,1.35,-5.45,3.2,-7.2,1.3,
2025-10-20,78.2,-44.1,18.7,-6.7,-20.3,-11,-20.35,-10.8,0.1,27.3,4.9,19,-15.65,7,-18.55,5.7,20.4,5.3,20.85,-3.45,1.7,-3.7,1.1,-3.35,-28.7,0.5,6.5,-4.45,-2.6,-7.15,1.1,-1.7,1.5,1.85,4,5.55,-5.4,-6.1,7,12.25,-1.4,10.75,0.45,6.9,6.3,18.85,-11,3,-11.5,4.6,-2.2,-5,1.4,-8.05,-22.3,2.95,-3.05,-4.9,-3.05,15.5,-16.45,-12.35,-12.75,16.8,-17.4,1.95,13.75,-11.85,3.55,-1.8,30.6,-2.25,-3.65,8.25,0.7,
2025-10-21,,,,,,,,,,,,,,,,,,,,,,,,,0,,,,,0,,,,,,,,,,,,,,,,,,,,,,-35.35,-19.3,,5.85,-1.8,-8.15,1.9,-1.5,3.75,-1.15,-9.8,-11.75,-8.15,-22.45,-7.95,42.35,,,,,,,,,
2025-10-23,-53.45,25.35,23.8,23.05,3.05,-5.9,-0.9,-8.75,-3.95,16.45,13.4,6.5,-6.35,-10.2,-5.3,-5.8,12.1,-8.2,-17.75,-0.1,9.9,-4.4,-12.6,9.85,-2.9,0.65,-9.9,0.7,-1.05,6.2,12.15,6.85,8.25,-9.3,0,3.7,-3.3,10.75,2.7,3.85,2.25,-6.7,-11.2,-1.8,-18.4,-9.65,1.35,9.55,16.9,-22.7,-4.3,-25.55,0.1,6.05,-0.75,-10.8,-24.65,-3.65,-7.5,-17.9,2.15,-13.45,-3.1,-3.5,9,34.35,0.95,-15.15,-15.7,-46.65,-22,-21.7,35.8,-26.55,-0.45,
2025-10-24,-84.3,34.85,0.1,-10.45,38.15,-9.7,-20.1,-18.45,27.4,-7.3,15.7,-24.7,-41.35,1.85,-10.3,5.5,-2.5,-10.65,6.25,-2.7,1.4,-3.2,-9.05,15.25,-9.95,11.15,-25.65,10.8,0.7,24.3,-3.45,-0.05,-11.25,0.5,29.7,-0.7,-10,27.9,-24.3,-6.55,13.25,-9.05,-5.2,-18.3,-6.65,12.15,-5.3,9.25,-15.9,-16.8,-20.85,-15.1,-19.55,-12.05,3.75,9.75,-0.45,4.4,0.7,10.8,7.7,1.6,11.25,-16.95,-7.8,2.7,-4.6,0.95,-4.65,48.6,10.1,-6.85,6,-8.2,0.05,
2025-10-27,18.2,18.1,8.95,7.4,24.45,15.5,4.4,1.6,-7.6,-5.8,33.95,-2.5,3.75,9.55,-4.65,-4.75,-8.25,6,-6.9,-1.7,11.15,1.15,1.8,3.2,-7.45,11.75,-4,-6.25,0.65,-16.4,4.5,9.95,23.6,2.15,-4.35,2.4,-6.35,-4.05,-18.85,6.1,2,-2.95,-10.2,12.5,-3.6,-3,-8.1,5.75,-30.65,3.35,-4.05,-14.8,14.45,2.55,3.3,15.5,-8.9,1.85,0.75,-20.35,43.85,-6.7,0.8,1.6,-9.65,-3,-37.35,20.25,8.45,-9.9,20.25,-6.4,4.3,-1.4,7.05,
2025-10-28,28.15,3.3,17,41.35,-4.25,-5.35,-10.1,-38.65,-3.1,-40.85,-20.7,-2.3,-3.75,-2.7,2.25,-20.35,-10.25,18,-1.65,-31.25,4.7,-19.7,10.35,-0.95,9.8,9.55,9.7,-7.3,8.3,-3.15,10,-10.65,-28.5,-3.6,-9.15,7.65,7.8,16.15,-4.8,11.35,26.9,29.7,-13.1,21,-4.2,-15.6,21.75,-13.55,0.75,12.3,3.2,-0.85,-7.95,-50.55,3.05,-8.3,8.95,-24.6,4.7,12.1,-20.1,-0.55,-17.45,-2,3.15,-6.05,-7.3,16.6,17,67.45,1.8,26.3,20.35,-9.05,17,
2025-10-29,-2.25,8,19.7,-14.4,-31.7,6.6,-2.4,20.75,-4.7,11.95,2.65,-0.1,-10.25,23.25,28.1,20.35,-17,2.5,-9.5,-10.15,17.8,-7.4,2.8,-13.25,-7.35,20.7,5.2,-3.15,4.65,9.4,-10.7,-4.25,-0.65,10.8,10.85,-2.95,3.6,-9.85,15.35,-9,7.15,8.8,7.35,-10.35,2,-15.2,17.8,2.6,2.65,-2.85,-13.7,21.7,4.45,-23.4,-2.7,6.8,-16.35,-15.4,-4.1,9.8,28.15,-31.4,8.65,-5.15,3.05,-4.2,-34.85,16.15,6.1,-6.45,-1.95,4.5,9.5,11.05,0.65,
2025-10-30,0.75,1.85,-4.55,-45.4,7.1,-18.05,8.75,-29.1,4.45,8.05,32.1,14.55,-29.85,24.1,-15.55,-17.8,9.35,-12.95,1.3,1,-3.4,14.2,9.65,15.75,-1.25,16.1,-16.25,-11.85,-5.85,-5,3.85,-25.95,-2.8,7.85,-4.55,2.4,-12.25,21.2,-1.35,-8.3,8.75,-0.75,0.95,-4.05,-10.35,3.5,-1.05,11.55,1.8,-20.65,-9.3,-18.7,2.95,-1.05,-14.9,16,6.3,-11.35,-3.95,13.85,-4.8,17.3,-6.15,-19.7,9.65,19.05,-23.65,-20.45,0.25,0.45,0.95,6.55,10.75,-4.1,8.8,
2025-11-03,-9,-12.4,3.3,-10.75,42,13.95,28.95,-7.95,18,-35.25,-11.2,-0.85,2.2,8.4,5.25,3.05,28.85,14.05,-19.75,-9.2,5.15,2.45,6.1,-4.45,3.5,1.2,-5,-0.85,-16.15,-10.4,1.35,-4.8,2.3,-2.9,-10,-8.4,15.3,1.05,-6.05,-0.8,4.95,14.85,9.75,-4.3,17.8,-10.6,13.15,-4.6,7.6,-6.25,1.3,4.55,-5.55,3.25,-19.5,4.6,23.65,2.65,-11.45,15.2,15.6,10.6,-12.7,-8.7,3.5,-0.55,-30.9,13.1,1.25,-6.2,12.3,1.1,4.3,-2.15,7.3,
2025-11-04,10.65,-2,-21.45,-26.45,13.65,2.2,-24.8,9.3,4.85,11.95,-15.05,-2.65,-13.95,18.7,7.55,2.25,-9,-7.7,4,-1.05,14.75,-13.9,-9.4,-2.25,1.1,-14.65,11.7,-25.95,4.35,2.85,2.95,9.05,-8.65,13.45,-6.5,10.2,5.2,-6.05,-9.15,0.7,-2.3,8.3,-0.05,-15.75,7.5,2,1.45,-12.95,2.65,-0.1,10.85,-12.45,22.55,-6.35,-7.7,-3.55,-4.95,-10.95,1.35,-28.95,1.6,-4.95,2.2,2.95,4.35,-15.1,-14.6,-3.3,12.95,-11.85,0.2,1.45,-7.95,0.8,-7.8,
2025-11-06,73.35,-4.3,-33.25,2.15,0.5,-19.3,-8.4,26.85,-2.1,-14.95,-41.6,-28.45,-6.15,2.7,-3.55,-5.8,-7.05,12,3.55,20.3,2.75,9.75,-13.95,0.65,-16.55,-8.15,7.2,-12.55,0.3,0.85,20.5,0.65,9.15,5.9,-9.5,-8.15,11.3,-5.1,-6.6,16.8,-2.5,-2.25,36.9,2.6,-11.35,11.55,-30.75,9.7,-7.7,17.6,-10.3,-1.25,-5.6,-10.55,-25.85,-22.7,20.7,-9.75,11.9,12.05,-4.2,-7.9,0,11.75,-11.9,-1.5,-12.95,16.4,7.95,-40,-3.25,-9.2,14.35,-6.15,14.55,
2025-11-07,-55.65,-46,20.3,-29.9,20.75,13.35,33.45,-37,-10.25,-1,-8.95,9.5,3.05,4.45,5.95,7.95,4.3,10.25,-2.05,-5.9,-13.7,7,7.5,40.9,5.7,14.55,9.1,20.4,-14.45,-2.35,-13.15,3.65,0.6,11.75,-5.2,10.4,4.55,-7.45,5.9,4.85,10.4,10.95,3.4,-7.2,12.8,-0.45,-4.35,0.4,1.85,-1.65,42.9,2.5,1.3,-3.1,-6.35,-6,-30.95,-26,3.7,0.8,7.25,33.7,17.3,-14.9,-2.85,-3,-8.85,-8.2,-6.1,-10.85,0.2,5,13.3,-1.6,10.7,
2025-11-10,51.1,-25.1,14.8,19.75,16.7,-21.8,27.45,13.15,-25.2,-12.6,10.8,9.95,26.55,16.2,-1.85,3.3,-16.05,-1.4,-3,7.25,8.2,13.4,-3.05,7.25,7.25,7.95,6.35,-9.15,-4.35,-3.85,-1.7,0.2,-9.95,2.45,2.8,0.25,5.8,3.8,2.25,-0.15,5.1,7.9,0.8,4.95,-2.7,-4.05,-6.3,-5.45,3.7,0.75,3.85,-2.25,1.35,-28.05,5.4,-6.15,-6.9,17.75,-1.1,1.55,2.4,19.9,-6.55,-9.05,1.5,-25.65,2.35,1.5,-0.1,-15.65,-13.55,-11.8,3.15,2.7,4.45,
2025-11-11,-71,-9.2,-5.9,-20.7,6.75,17.25,-27.85,-7.35,25.9,0.45,18.65,-34.25,4.1,-16.25,2.05,-21,-12.15,0.2,-1.65,21.2,10.1,-5.15,5.3,-7.95,-8.15,-2.55,5.9,2.55,8.3,11.95,7.7,27.05,-2.15,12.8,-5.05,1.35,13.35,6.1,16.85,16.5,-12.4,-2.55,9.25,-5.9,-5.25,0.05,3.75,16.8,21.2,6.55,-6.55,16.4,21.95,-17.9,40.65,4.6,-35.45,8.2,19.6,-13.7,33.1,7.55,4.3,6.05,-40.4,7.9,4.5,13.8,-4.25,15.9,-11.5,12.95,5.55,4.85,1,
2025-11-12,-27.1,30.95,-45.4,-4.7,-2.85,58.4,8.8,1.7,3.5,-12.1,-2.25,-5.5,-2.8,-2.3,4.75,19.8,9.35,4.05,3.4,2.9,-10.75,3.75,11.75,0.15,-2.3,6.4,-1.5,11.15,-4.35,-1.75,3.9,1.15,-4.7,-1.3,8,-10.75,1,4.8,4.4,4.95,14.65,2.15,-4.75,-10.7,14.05,1.95,-2.05,8.05,-2.75,8.15,-12.65,-2.9,15.25,-5.35,1.2,-3.3,-3.65,-4.25,-28,8.05,-2.25,-9.9,6.75,6.85,-4.7,-4.15,-2.55,8.85,-0.3,-9,7.65,-11,-14.2,-13.8,13.75,
2025-11-13,-62.15,3.7,28.2,-26.65,-8.05,15.85,23.55,-15.5,12.4,-0.55,18.05,2.3,3.85,10,0.3,13.4,-1.2,4.4,11.75,3.05,3.1,16.9,2.65,-5.2,-1.35,6.15,2.55,-8.8,11.55,-8.15,5.8,4.3,11.35,-9.25,9.55,-1.9,2.8,3.25,-4.95,-17.8,-14,-0.95,2.65,-9.1,27.7,13.25,-3.05,-2.15,-3.85,10.75,-3.4,-3.5,15.9,4.25,-13.65,-10.1,-46.7,-23.9,-14.55,-0.85,23.55,-6.8,11.75,-5.7,-3.65,12.15,-1,-23.55,-23.35,10.3,-11.35,1.5,-5.45,2.65,8.9,
2025-11-14,42.8,-22.4,34.65,53.1,-36.8,16.25,-0.8,-61.25,18.45,-35.7,15.65,-9.8,18.95,-11.05,-3.65,-10.2,-4.45,0.9,15.75,51.4,10.7,-6.85,7.1,6.1,-32.8,-3.25,-3.1,-5.95,-7.35,-10.9,9.8,1.55,-10,8,1.15,30.85,1.4,3.6,5.1,-25.55,-4.1,6.3,2.7,-10.2,-3.1,-12.05,0.75,11.35,7.35,2.5,12.65,-11.95,-37.85,-7,4.65,-17.85,17,4.3,4.05,3.65,-0.95,-4.6,16.85,-0.7,10.7,-4.4,-5.45,-16.25,-2.25,118.65,48.8,-7.25,-12.8,14.35,-13.95,
2025-11-17,2.85,-8.45,21.5,-5.8,0.55,10.05,-9.4,1.7,-0.2,-11.9,-5.45,0.35,14.45,2.2,-26.6,7.6,-14.3,1.05,4.2,-3.55,6.8,6.2,-0.25,-2.85,-7.25,1.45,-13.25,4.85,-0.85,11,-0.15,11.85,9.6,-10.25,15.75,-1.7,6.8,-2.9,-4.9,9.45,4.3,5.35,1.7,3.75,1.9,-7.8,-9.95,3.5,-0.55,-7.45,2.65,2.95,4,9.25,1.75,-1.7,3.1,20.85,-6.45,-1,-28.2,8.15,1.85,8,2.45,-22.35,11.6,-0.4,3.2,13.55,2,-1.35,2.9,-3.55,-0.55,
2025-11-18,-74.45,13.15,3.85,0.35,-19.75,9.95,-21.7,-10.1,-20.05,13.1,-8.05,-7.45,12.9,4.2,-14.4,-14.7,6.2,1.4,22.5,-6.05,13.15,5.4,3.1,3,12.6,-2.85,-18.55,13.25,5.5,12.2,16.15,2.9,-1.75,-4.95,-1.8,-6.15,-7.05,-10.2,8.85,-4.1,-8.5,0.25,-8.8,15.2,-3.35,16.6,1,-7.8,14.4,4.55,-1.95,5,10.5,-7.65,-4.15,-0.9,-1.9,14.65,-10.75,12.65,-14.15,5.1,-13.4,-3.45,8.9,-15.5,-5.7,-10.45,3.2,-19.25,-17.75,-8.75,-1.75,4.95,-3.45,
2025-11-19,-59.85,42.05,4,-17.65,23,-0.5,-17.85,19.9,9.2,7,6.75,19.05,13.5,1.65,-8.55,19.5,-7,-5.9,-8.2,13.2,-15.85,-8.15,-4.35,-11.55,5.65,5.35,9.4,1.15,3.75,15.35,5.5,-2.35,1.6,16.15,0.05,3.1,2.85,8.1,8.9,12.35,-8.25,1.45,9.5,-3.2,-4.15,8.7,-6.6,8.35,-11,1.3,-18.2,-0.5,-3.8,5.9,5.45,0.9,-5.3,7.55,-1.15,19.05,11.55,-0.7,2.3,-3.55,6.75,12.1,-4.05,2.8,-6.75,-3.7,0.55,6.6,-6.1,-5,5.6,
2025-11-20,-32.4,-3.15,8.55,0.8,0.2,-27.05,11.15,-4.6,-7.05,8.1,13.9,0.05,2.8,-4.1,12.2,3.8,2.7,9.4,12.15,-1.95,-7.95,6.75,0.55,-5.05,-5.6,9.15,-0.2,10.65,-5.2,3.25,-12.1,-0.55,9.75,1.95,-4.85,4.9,1.3,7.35,6.1,4.6,3.95,1.45,4.05,-2.1,0.55,8.5,-7.15,4.45,5.6,4.45,15.5,-3.15,13.25,-7.35,5.8,13.15,-5.4,1.8,4.55,0.25,13.7,-1.35,-35.95,5.55,13.45,-23.05,13.25,-16.65,16.75,-22.7,1.5,16.1,-13.45,5.35,1.3,
2025-11-21,29.2,22.55,-1.5,-7.2,-4.2,-16.65,-8.3,-11.45,9.95,-25.5,-7.65,0.5,-20.7,2.35,-0.4,1.55,8.55,-4,3.9,-6.5,24.85,-7.5,-1.6,23.25,-7.65,-10.25,12.85,-17.5,5.45,-4.1,3.8,6.05,-3.1,13.25,0.9,16.55,13.65,17.6,-4.9,-9.05,1.8,5.35,13.95,9.75,-7.35,0.7,-5.7,-26,-20.65,-7.45,6.75,4.75,-4.05,-16.25,10.15,14.95,9.35,-6,10.65,4.1,-5.3,6.35,1.2,0.35,-4.2,-18.3,-20.35,-14.7,-21.55,7.45,-8.65,-1.9,-5.8,-9.15,6.9,
2025-11-24,-25.55,1.95,14.45,-21,-5.35,-13.5,19.5,-8.2,-2,21.25,8.8,10.75,-15.1,10.85,-3.95,6.95,9.25,-6.85,0.15,-17.7,-6,-3.35,-5.65,-2.5,-4.9,2.85,25.5,0,-3.8,-1.75,-19.65,-28.3,7,5.4,-11.05,-4.35,8.8,-4.6,-7.8,10.85,-1.35,-0.05,7.1,-11.65,8.85,-11.1,8.85,-3.8,6.35,2.05,-9.9,-4.5,-9.05,14.95,-7.65,-4.85,-8.35,-19.15,-15.6,20.95,-15.1,-13.95,-1.6,-1.15,-3.2,1.55,2.55,-10.45,18.4,-62.6,-12.9,-10.5,-3.6,-20.5,12.55,
2025-11-25,-33.5,-7.9,0.1,22.7,-9.9,-0.3,-7.85,23.65,4.35,2.25,16.5,12.95,-5.25,2,-4.4,-9.15,6.75,-16.5,-7.25,-9.45,-36.35,-4.05,2,8.35,3.55,1.25,13,2.5,1.65,-14.35,10.7,10.1,14.45,-11.75,12.25,-6.9,-17.15,-6.05,-0.4,8.7,8.05,12.8,-0.95,8.25,-10.65,-9.1,26.75,-12.1,0.6,9,9.1,-3.65,7.4,-14.3,3.4,8.95,0.25,11.3,-6.6,6.1,-16.4,-12.75,-16,-14.1,-11.25,16.7,-3.65,-37.55,-21.35,-15.9,2.55,0.55,-6.7,-6.5,-12.45,
2025-11-26,126.7,-0.55,11.6,31.85,-7.45,21.1,24.45,28,0.85,8.65,6.3,-8.65,1.5,-7,-9.3,11,10.75,3,30.85,-16.95,1.65,9.4,0.4,-0.2,14.05,1.2,0,3.35,-8.75,-4.6,10.4,0.2,12.25,5.4,8.5,-2.15,-5.55,1.65,3.65,4.25,6.65,3.15,-4.3,0.6,6.1,13.25,4,-5.85,2.2,-13.35,-18.6,17.15,5.55,-4.5,2.8,1.3,5.8,17.4,0.4,-4.55,-7.85,7,-29.3,12.5,-1,5.85,-14.35,7.7,5.7,7.55,17.15,1.3,-8,4.95,-7.4,
2025-11-27,-9.3,23.85,10.95,-2.6,-30.1,-11.7,13.6,8.8,25.15,4.35,2.55,-7.85,-2.15,-4.2,2.4,-3.75,8.45,1,13.25,-8.15,1.05,4.85,4.15,-4.75,-14.05,-1.65,-5.15,-8.85,-6.6,6.85,-31.05,2.1,3.55,-1.8,-5.45,3.55,-3.95,-19.95,4.05,-7.8,1.8,25.5,2,-11.05,-4.2,-8.8,-12.05,-43.2,7,-29.55,-3,15.7,-16.95,-3.65,13.55,16.85,6.1,-8.65,7.85,-5.35,6.45,11.65,5.7,-0.5,11.35,-12.25,-12.85,-15.9,6.55,20.7,1.25,-0.65,8.6,-3.6,0.3,
2025-11-28,4.7,-27.5,13.75,21.35,-42.9,14.1,13.8,12.4,-3.4,5.05,5.05,-22.65,-8,-11.6,14.35,14.95,17.15,6.6,-0.5,1.65,-11.8,-0.45,-10.1,18.7,-2.65,-20.85,1.05,2.55,-0.45,3.3,9.75,-6.35,-3,-3.15,-8.5,6.5,-11.5,-4.6,-1.45,17.15,-0.55,-5.65,-22.05,9.25,8.95,-1.05,-3.2,-1.95,-7.65,17.75,-1.15,4.15,-0.5,-10.75,-10.75,5.5,-3.75,5.7,-8.8,-4.05,0.75,-0.5,4.2,6.1,7.65,-10.6,0.45,1.1,1.95,-0.55,-1.4,-7.35,1.5,0.5,3.7,
2025-12-01,-40.5,8.85,-8.45,15.4,9.9,-24.1,9.25,-20.75,-9.55,15.3,5.45,-0.95,-3.85,-1.95,2.35,-5.05,-18.2,-1.15,-10.05,-21.25,8.45,-11.7,-2.45,16.9,-4.55,7.6,1,10.9,-2.55,-47.1,-21.7,11.45,9.5,-15.4,-22.8,-0.15,-5.5,11.35,7.1,-27.4,-3.6,5.2,-7.25,19.3,5.65,-6,-5.3,11.45,8.1,-19.75,-2.55,-8.4,19,4.75,2,-4.55,-8.35,38.9,-9.05,1.75,-8.65,-0.95,0.2,-9.55,-15.1,-10.9,0.35,-34.75,-2.3,33.35,-2.6,0.5,-0.25,2.15,-5.8,
2025-12-02,53.55,2.4,-14.25,-16.35,-6.25,-29.85,-6.1,4.85,-1.7,5.15,-7.15,-14.35,3.65,8.45,8.65,8.35,-3.2,-8.5,2.25,15.55,6.2,-0.35,-0.9,-15.75,0.65,0.95,-13.9,-1.5,4.85,-8.25,4.85,-15.4,0.45,-1.55,2.75,-3,4.7,7.4,1.7,7.4,-1.9,-11.4,-11.55,-6.25,-2.65,2.15,8.45,-15.15,-0.4,10.8,-10.7,5.3,-5.35,1.65,4.15,1.35,16.95,-4.15,4.7,-13.95,-2.6,-12.15,8.45,-3.35,-26.1,-4.75,6.8,-5.95,-1.6,12.45,1.05,10.2,2.2,12.45,5.35,
2025-12-03,26.35,-22,-45.2,-29.3,-11.3,20.05,-1.65,2.05,8.9,-38.8,-4.1,19.7,-16.95,13.25,-3.5,4.6,-15.2,-8.65,3.3,12.4,3.05,-5.7,-5.2,6.2,-6.95,-18.55,14.65,10.95,23.2,-13,2.75,-1.55,-4.3,19.1,-1.45,8.95,11.75,-1.15,-10.65,-16.5,-5.6,-5.3,4.9,5.45,6.7,2.75,-1.95,0.9,-6.5,-2.1,13,9.6,-2.9,-15.25,-19.2,4.35,3.6,3.9,19.5,8.4,-7.85,12.85,-31.2,9,7.4,2.6,9.75,14.7,12.5,-4.45,17.4,2.8,-9.25,1.15,0.65,
2025-12-04,-32.3,43.15,5.5,6.35,11.65,14.75,-11.1,11.55,-0.05,-5.6,2.1,14.4,4,2.75,28.65,6.2,5.15,2.55,-9.7,-6.3,-3,6.65,-8.55,2.6,-7.15,-7.3,-3.15,3.15,-26.3,-6.25,2.55,-16,5.85,8.5,-2,-3.95,-10.1,2.05,4.3,1.3,-2.85,-15.3,-16.65,-0.55,9.1,3.4,-7.65,3.1,-5.55,21.5,-3.2,-13.25,-22.55,-3.75,2,-3.75,-2.7,13.25,17.8,-1.05,-3.8,1.15,11.7,-5.2,5.1,-14.2,3.1,20.3,16.4,5.75,-2.4,-8.2,3.35,-9.65,-13.25,
2025-12-05,50.8,-11,-3.35,13.05,-13.7,11.35,7.4,-13.15,-17.8,61.35,-6.3,-0.8,28.4,-19.6,-44.5,7.3,15.3,33.4,28.05,6.15,-12.4,22.25,0.9,7.65,-6.95,6.2,-2.55,-7.35,3.55,6.25,-17.15,11.9,-2.7,8.65,2.6,-12,10.8,15.65,8.35,15.15,11.45,-0.7,3.15,4.2,-12.3,4.2,2.1,-4.9,9.55,-1.45,3.55,1.2,5.35,-0.65,-12.05,-5.45,-8.7,1.3,-4.95,10.05,5.85,-6.25,4.2,-16.25,-0.45,-3.1,-6.35,6.25,8.5,31.15,4.55,-1.05,7.1,0.7,-16.4,
2025-12-08,-0.1,10.6,-26.9,-10.8,-7.75,12.3,-28.35,-17.95,3.55,-14.3,12.05,13.7,-9.3,14,-3.75,-12.7,4,7.95,-11.35,9.95,-24.2,-9.6,2.75,6.6,-10.65,14.8,-3.5,-5.35,-2.7,5.2,5.05,-11.15,-2.3,-7.3,-2.9,-12.6,7.3,6.15,-20.25,-11.45,2.65,-2.6,4.45,-1.5,-4.3,10.85,-0.3,7.4,-26.6,-32.95,-14.2,-38.15,-3.55,6.15,13.6,-2.85,-3.85,-7.45,4.65,-11.2,10.95,4.65,-6.85,-9.05,-4.9,15.8,15.6,5.2,-11.4,28.3,10.1,-9.3,-25.05,-0.9,-11.25,
2025-12-09,-46.1,7.3,-27,-26.7,-7.35,-4.25,-3.75,-23.65,2.5,18,26.2,5.85,47.6,8,-17.7,-29.3,16.15,0.1,-13.4,-3.15,30.95,-4.45,19.65,17.85,1.35,-9,4.65,6.8,-4.1,-44.45,-4.55,15.15,24.3,10.05,15.85,2,-4.95,32.65,-18.6,-11.15,-23.45,9.15,3.05,-11.2,-16.65,12.65,2.8,-5.8,0,0.3,9.45,6.1,0.8,-10.75,3.05,-1.7,2.45,-21.9,8.35,-7.5,-27.55,-35.1,-5.7,-4.2,6.8,-1.15,-6.3,-7.2,16.45,4.2,-8.75,-0.05,-0.35,-0.55,6,
2025-12-10,16.5,-24.75,32.05,13.9,5.9,-3.35,-15.6,1.85,-14.1,24.1,11.55,6.05,7.9,4.15,-15.55,10.3,-11.35,2.8,-31.25,-31.05,-24.5,15.85,13.65,9.9,-6.5,-9.95,-8.95,-12.2,2.35,-2.6,-3.95,-8.5,7.05,3,-4.05,-3.7,2.6,-7.15,-11.85,-22.95,-16.6,-3.1,11.5,4.2,3.8,0,6.75,0.7,24.65,2.3,6.4,-2.25,-5.15,-6.35,-7.1,-2.75,-21.95,-32.75,-3.05,-3.55,-3.45,-7,-9.3,47.3,-24.05,-11.6,7.95,-15.35,12.05,2.85,-5,0.7,-5.2,-6,-7.75,
2025-12-11,-14.3,18.65,23.35,-12.85,-65.85,-7.3,26.35,-9.35,-14.2,25.6,33.1,37.25,7.55,-3.3,0.85,19.7,-1.6,-4.9,6.3,-10.9,-27.65,-29.15,11.75,19.2,15.75,5.15,0.75,2.95,6.9,3.45,-0.35,3.9,8.85,34.55,-0.45,-5.5,5.55,3.75,21.7,-10.7,-11.4,14,-5.75,-1.4,-16.8,-11.75,-17.05,5.3,10,-3.8,0.4,18.85,3.5,-8.75,18.55,-1.8,-1.4,-21,2.1,-6.95,16.2,5.85,29.8,-6.2,-10.35,-20,-25.8,12.55,6.9,24.85,6,-10.95,6.55,-1.6,-1.15,
2025-12-12,31.35,-11,17.2,20.2,2.8,-8.9,-9,-2.7,-5.65,-4.7,-21.9,8.05,13.5,-45.6,2.15,21,-14,-7.6,-8.75,8.65,-8.1,25.55,5.05,4.75,0.35,23.85,-2.55,3.1,-8.9,5.6,-3.05,16.15,0.9,-7.35,-6.45,-2.8,0.25,3.85,2.25,9.5,-12.15,-6.6,-2.65,7.4,-0.15,1.8,-4.85,14.1,-6.25,-8.75,-6,-0.9,3.85,2.3,6.8,-6.8,1.9,18,9.85,-11.3,-0.6,-1.3,-8.25,2.8,-14.95,3.8,-6.8,2,3.2,8.05,9.95,1.95,-7.5,3.9,-8.5,
2025-12-15,23.25,-25.85,-9.45,-4,13.7,-9.35,20.9,1.35,12.5,2.65,-3.95,12.85,7.55,-0.6,8.3,-0.75,-19.25,11.3,21.2,2.35,-5.45,0.5,-12.3,3.25,-4.45,-0.4,14.65,-23.35,2.45,1.35,24.65,11.25,8.3,-3.15,6.4,-0.7,-4.85,7.95,-5.1,5.5,-3.65,-11.7,2.45,2.4,1.35,8.6,6.5,11.6,-10.05,3.2,-8.95,5.1,-0.75,-5.65,7.3,0.1,-10.8,10.15,-25.9,4,4.65,-0.25,3.1,-1.4,-1.65,20.85,-6.65,4.85,1.1,-10.8,7.85,-2.3,-6.3,0.3,-9.2,
2025-12-16,-8.2,-7,-7.75,-6.05,1.05,10.55,10.4,5.65,-35.15,-14.95,-0.2,3.2,20,-0.3,-2.1,3.3,-8.75,0.2,-3.15,3.2,-4.55,0.35,5.3,-4.25,4.2,-4.65,6.8,-15.4,-4.4,-9.85,2.6,12.45,-14.15,-0.2,7,3.85,6.45,0.45,13.35,0.5,-16.05,4.8,-14.2,3.55,15.45,-13.85,-1.75,3.85,-3.85,2.8,-2.1,10.25,12,-3.15,18.75,-4.05,-21.2,-0.65,-9,-4.1,-23.4,10.55,-0.65,-18.3,11.8,4.15,3.2,20.15,-5.6,-10.4,-13,-6.95,-17.7,6.35,-1.7,
2025-12-17,-29.8,46.25,-18.4,18.05,-7,-34.6,-17.2,2,3.6,-22.7,-7.6,2.4,8.75,-21.85,-11.45,9.3,-5.95,4.3,10.3,-11.4,1.5,2.4,9.25,10.3,-3.55,-12.25,-13.9,-2.5,7,5.9,17.25,-15.55,-11.9,-19.45,-6.6,6.3,11.7,-13.55,-10.05,7.95,-6.9,7.05,4.05,-11.9,-5.85,10.85,-1,-2.25,11.35,5.75,2.05,-11.75,-8.5,-6.6,3.75,2.25,0.8,-2.55,-2.3,6.85,28.15,-30.35,-6,18.2,-37.9,17.2,15.25,3.95,0.6,10.35,-5.5,-1,-3.05,12.3,-3.35,
2025-12-18,13.05,18.75,-16.25,5.15,-11.3,-31,-4.85,9.2,-2.15,-3.05,28.75,15.9,31.1,10.1,-5.2,24.85,-12.15,9.8,-6.85,-1.55,4.75,-22.1,7.05,-4.1,-6.55,26.8,2.75,-1.5,5.4,-8.65,0.05,17.95,-3.35,-2.95,9.5,5.05,-10.25,-2.1,12.7,7.35,4.3,0.5,-4.7,-9.35,1.3,2.3,-2.3,-2.7,-12.1,2,-4.6,-19.55,8.45,-12.8,2.3,7,-13.15,-13.1,-15.05,-11.3,3.55,-27.8,8.5,14.65,-17.85,0.55,2.15,-5.85,-4.25,37.3,-8.9,2,-2.8,-2.85,-1.05,
2025-12-19,13.6,20.2,5.4,12.25,2.65,-10.7,-12.6,10.85,3.75,0,-6.05,-15.5,11.25,3,11.15,-4.5,6,12.6,-8.3,6.15,-8.95,-10.8,-3.95,6.8,-0.7,-5.85,-15.85,-2.35,4.6,-21.75,2.4,3.8,-4.55,18.3,16.1,-7.45,-6.65,-5.15,2.7,15.15,7.9,-5.9,-2.75,-2.5,4.65,0.8,-10.65,-10.6,24.35,2,-0.35,11.8,1.3,7.45,0.55,-3.4,1.45,-8.7,-2.6,-1.3,10.4,10.65,-17.95,-3.85,7,-0.8,5.4,-12.7,-6.5,5.25,8.1,-1.85,1.85,-0.45,-8.5,
2025-12-22,38.05,26.5,6.2,-0.25,-12.7,11.55,-9.35,3.45,13.5,5.55,-10.1,1.2,4.05,-3.15,-4.25,4.8,-7.4,2.1,11.1,2.4,4.1,-10.65,-1.7,-6.75,-2.55,2.1,12.75,-4.45,-1.8,3.15,5.8,1,-1.6,-0.15,2.9,-8.2,14.5,-4,-2.4,-4.65,3.05,-18.65,0.3,25.3,-9.25,4.2,-0.55,-1.1,2.25,2,1.7,8,-14.4,3.6,4,-2.7,-0.35,3.3,-17.5,12.15,-10.2,15.7,7.55,5.45,2.45,-6.75,-2.2,4.5,1.2,11.9,-3.05,1.05,-6.55,-1.5,-5.2,
2025-12-23,-38.5,-15.6,-1.15,-6.75,-0.95,-20.15,13.25,8.75,24.85,7.45,4.45,-2.55,-15.6,-3.35,4.05,-5.25,-0.55,12.15,-2.8,0.15,-3.2,-4.25,10.05,2.15,4.45,-1.15,-4.3,-9.2,-12.75,-2,-9.15,16.85,-2,8.2,0.55,-1.9,-1.75,-0.95,-10.45,-9.9,3.3,3.4,10.4,-0.5,-5,0.9,2.2,-3.05,2.6,-4.3,4.1,-4.65,-0.8,-4.75,4.75,1.45,6.05,-0.1,-11.85,12.7,17.15,0.6,-9.35,-16.4,11.2,-42.5,13.6,1.65,5.3,-5.75,-11.25,10.8,-12,2.15,-5,
2025-12-24,27.6,5.35,11.5,5.05,-8.8,2.4,-11.05,13.9,2.6,-12.9,-0.15,15.75,-4.25,-1.1,6.05,-0.05,-3.65,-8.05,-12.25,-2.7,3.5,-9.5,2.55,5.3,-2.05,5.5,-2,0.65,-7.8,-23,-2.3,1.5,7,1.65,-5.3,3.05,5,-3.35,9.25,3.45,-8.9,-3.2,0.4,-1.35,2.9,-5,-8.8,2.05,-4.3,-5.65,0.45,-10.05,0.9,0.6,1.5,5.9,-13.55,1.05,12.05,-6.05,-5.65,-9.85,-6.45,-2.5,4.9,0.45,0.1,-1.65,8.55,4.3,-14.15,13.45,-16.25,-3.15,1.1,
2025-12-26,9.8,3.1,-1.5,-22.5,-15.5,-7.5,5,-10.3,11.25,4.7,-1.8,0.6,-0.95,-7.1,11.6,-0.9,3.55,0.95,-3.75,2.5,-0.35,-1.85,-9.35,-5.35,-7.8,-1.4,4.2,-6.95,-3.1,-0.25,-1.1,3.9,2.8,-2.2,4.8,6.95,3.85,-7.35,1.55,-13.3,-3.75,-0.05,0.9,2.25,-1,-1.95,0.8,6.9,6.9,-0.95,3.7,-2.25,1.55,1.25,0.75,-4,6.3,2.35,-8.2,3.45,-15.5,-5.4,3.35,-7.95,1.2,-1.75,-4.4,6.75,20.65,-0.15,7.85,2,-8.85,2.65,5,
2025-12-29,-12.85,8.85,-4.95,20.35,0.1,3.5,-2.7,-13.45,-25.55,-5.15,4.6,-1,-11.2,13,-8.9,-9.1,-1.5,-15.35,-0.95,4.4,-3.35,-14.45,-6,-2.35,-8.95,-6.5,4.1,-1.3,-3.45,2.95,11.25,-6,-4.45,-7.35,6.7,-0.15,-1.95,-13.45,6.15,-13.05,2,-3.6,-2.45,-0.95,1.85,6.8,-1.2,-13.8,-6.15,-4.2,3.25,-2.8,-14.65,8.35,8.45,4.35,-5.8,1.15,7.5,-14.75,-15.65,28.5,-2.1,0.95,-8.9,-11.85,4.15,-9.9,3.75,4.15,5.65,2,-2.2,12.15,-0.8,
2025-12-30,-32.85,-23.85,-1.45,20.6,18.3,16.2,-31.7,25.45,1.85,-3.2,-6.35,17.8,11.9,13.3,-2.25,7.75,-20.45,-4.6,-4.7,-11.7,-3.45,-1.35,2.1,-6.85,0.75,-5.15,-2.95,-19,-0.05,9.75,3.95,-6.75,-4.95,-8.1,8.75,-17.65,5.5,-2.8,-3.25,8.3,7.25,-1.55,11.35,-11.95,-8,-4.25,-2.35,3.4,6.4,-7,7,15.55,4.3,15.2,18.9,-15.6,-0.15,6.15,-6.7,5.75,0.65,-5.6,-20.05,20.55,-2.6,8.7,7.65,-5.25,-7.5,-0.6,4.85,5.55,-0.3,7.7,24.7,
2025-12-31,42.6,-8.65,12.65,-8.3,4.95,-32.8,9.15,1.65,2.25,-7.1,15.8,2.65,9.1,1.05,7.55,14.5,-4.35,14.75,-8,4.3,4.3,8.45,-3.65,9.05,4.25,-14.2,0.85,3.95,13.15,6.1,4.95,4.7,-5.35,1.4,11.05,5.7,-2.6,9.35,-0.45,13.5,5,8.6,14.85,9.75,4.55,-1.1,3.25,6.65,-7.25,7.45,4.25,-5.5,-7.7,6.55,9.65,3.55,9.7,-5,6.75,-2.2,-5.05,-11.6,10.1,-1.3,17.05,11.15,-2.75,-2.85,-3.15,-40.3,-4.4,-7.35,6.05,-4.55,13.55,
2026-01-01,-5.5,-5.35,26.85,-3.9,-11.85,13.6,10.3,0.1,-32.6,14.25,-4.55,-15,-19.5,4.65,21.4,7.3,-3.7,-0.9,21.15,-2.45,-9.05,-6.2,0.05,6.4,0.7,0,-3.2,-4.9,0.35,-15.7,-4.85,9.3,3.45,-9.35,-10.9,-5,10.85,5.9,9.95,4.3,-23.1,12.75,14.8,-6.55,1.25,-0.65,4.35,-4.35,14.65,-34.4,23.95,-8.75,-0.8,0.45,0.75,12.1,-1.75,10.9,-6,5.4,4.35,-10.1,-8.15,10.35,1.75,-5,-5.95,1.4,4.35,-1.4,-11.25,-9.8,1.05,-6.55,0.7,
2026-01-02,26.55,10.7,15.5,-9.35,12.35,36.3,5.45,14.05,-13.7,-2.15,-12.9,14.4,-3.5,0.35,-5.15,-6.55,13.6,-1,7.75,-3.05,5.15,-5.7,-4.55,2.2,8.8,4.05,7.35,11.2,-0.8,1.65,4.6,4.75,-14.65,6.4,-1.4,1.05,-7.6,15,2.85,12.15,-5.95,-0.9,-12.25,1.45,3.8,1.8,1.4,6.35,3.3,4.6,-8.2,2.35,-1.6,0.1,-1.05,1.95,-7.1,-0.6,6.1,-1.35,3.2,6.05,-6.15,-21.35,-11.5,-1.45,-0.55,13.55,7.4,16.05,13,3.95,3.55,9,3.5,
2026-01-05,6.55,-43.4,1.4,-28.85,5.55,0.9,18.85,5.9,11.8,-25,43.3,4.35,18.2,11.55,-12.3,-2.25,9.95,-14.5,3.65,5.2,-6.45,13.85,-9.4,6.95,-14.85,-23,6.35,-8.25,7.75,12.85,-1.7,-11.9,6.75,-11.75,3.65,10.3,2.45,1.4,-3.45,0.85,2.6,-3.3,0.8,9.2,-9.5,-3.6,-9.5,-11.6,-4.05,5.1,-14.8,-6.85,-4.1,12.9,-26.15,-8.5,-9.55,-28.25,-5.25,8.15,-0.65,8.1,-7.1,19.5,-11.35,23.25,3.45,12.35,6.85,-10.15,-14.15,-7.05,-6.3,-5.05,4.5,
2026-01-06,6.1,-1.5,-19.8,43.2,-17.35,0.25,27.8,0.85,29.15,1.1,-10.65,-1.65,-10.7,-10.2,4.15,8.2,-21.15,4,-2.8,7.6,-15.2,11.75,7.05,-24.4,-38.2,-1.25,18.5,-1.4,7.2,16.9,3.4,-3.1,-18,2.85,-17,10.2,-3.85,-11.15,9.45,1.4,-1.7,2.9,-5.25,10.4,9.6,-1.55,10.5,-11.75,-7.55,-3.85,-0.4,-5.5,-0.7,8.65,6.95,-15.35,-0.4,0.95,-14,-5,1.5,6.2,7.75,-3.25,-1.35,7.25,15.35,-7.4,6.85,13.45,0.95,-1.8,6.25,1.85,-10.25,
2026-01-07,-17.45,26.1,-35.3,11.55,10.2,-37.05,6.85,-7.2,30.15,7.2,16.65,3.65,-8,-8.15,-18.25,-4.15,4.9,5.35,-1.05,23.7,-3,14.55,-8.05,-20.75,1.15,-14.2,3.3,14.9,-13.4,-3.4,-8.15,-14.05,-1.9,-6.35,-3.7,0,-9.8,0.05,-5.95,7.35,0.15,-24.25,-2.25,5,10.45,8.4,-1.3,-3.4,-4.55,-9.1,-17.25,-2.15,9.5,-5.6,6.3,-2.15,10.7,5.7,0.45,-1.25,-7.95,-4.5,7.45,-9.25,9.7,9.75,-12.1,21.95,-1.85,6.15,15.65,5.75,-12.9,-3.95,4.8,
2026-01-08,16.75,-23.1,-32.1,-4.3,31.65,-2.15,-8.45,15,-4.95,-25,-10.5,5.6,-24.65,-3.55,4.45,-2.35,-7.35,0.75,-4.85,-5.55,-4.85,-0.75,-1.8,-10,-2.65,-28.8,5.5,-6.75,14.25,-8.05,-15.25,1.6,-22.3,-20.65,4.85,12.4,-3.15,-6.95,13.1,-17.8,7.75,-0.05,-10.8,1.05,-3.55,11.7,-1.05,3.3,-10,-5.45,-16.55,8.1,2.85,3.4,11.9,1.85,7.95,-0.9,-8.95,6.25,9.4,-8.55,-21.75,25.6,-2.65,-1.15,2.4,-10.05,-8.8,-43.65,2.9,7.75,-6.5,3.75,-5.05,
2026-01-09,98.4,-76.5,-21.4,-3.95,-5.95,45.8,10.85,-12.25,16.25,-21.65,-1.6,-18.45,4.7,8.95,15.95,-35.35,-2.15,3.9,-1.45,-24.1,-9.55,-10.65,6.1,-18.25,-4.1,-4.3,11.35,-13.45,-31.6,-6.1,-8.2,-6.1,0.65,12.15,-6.7,-10.9,4.7,-15.2,-15,1.65,-22.8,-5.75,-15.5,19.1,-2.2,-2.05,-0.2,1.85,11.65,-0.75,6.7,-13.9,20.25,-32.55,-3.4,-9.95,12.15,-1.3,-2.7,-21.75,-1.5,-3.25,-10.05,7.45,-9.25,4.3,11.2,-1.55,2.65,-0.45,7.4,6,-16.15,5.9,17.65,
2026-01-12,-58,-50.85,-26.4,36.4,14.75,-24.45,37.05,-6.35,-32.55,31.8,-8.65,-22.55,26.25,2.15,-2,-11.9,-10.05,3.3,7.65,-12.55,-9,-0.25,-5.75,-8.2,-16.95,-8,-5.35,-26.95,7.05,-2.4,9.4,1.15,10.25,-0.45,18.9,57.85,23.8,42.95,18.25,36.55,-16.2,42.2,-12.75,15.6,-16.9,-10.1,18.25,4.9,-16.6,1.2,-15.25,56.1,-6.45,-8.7,8.35,7.95,-4,-11.05,11.35,-13.05,3.15,33.05,-7.65,-23,11.95,16.15,5.35,22.65,23.25,-25.1,1.4,-6.5,7.4,11.05,8.45,
2026-01-13,-51.1,-9.45,-73.9,-16.05,-8.4,-5.55,6.8,5.5,-34.15,39.45,12.05,-23.45,-1.15,22.35,38.4,6.9,-29.15,-6.35,10.3,-4.3,7.05,-6.45,21.75,-6.85,-2.2,-3.3,15.75,14.15,1.95,-19.95,-6.95,-18.75,-7.95,-11.9,1.5,-28.45,15.45,-22.65,27.2,-23.4,2.45,-7.8,-19.25,-18.3,-12.15,-9.8,7.5,9.2,-1.45,16.8,-18.05,16.25,2.05,2.55,-10.25,6.55,-7.9,-15.9,3.75,-12.35,1.95,-22.25,-2.3,28.6,22.6,31.55,-2.25,24,-7.1,-5.65,41,-8.75,-12,1.55,-17.1,
2026-01-14,34.7,20.95,32.9,-3.5,-1.1,-25.75,-15.45,53.1,-13.1,-12.35,-7.1,-11.6,-17.85,-4.7,12.3,-3.3,-7.2,-5.1,17.2,11.25,24.25,3.85,-4.25,-3.35,23.3,-10.25,32.5,-1.7,-1.7,-5.7,23.8,-8.75,-0.05,10.5,-24,-19.55,22.6,1,-12.05,9.05,7.75,-18.6,1.35,-5.55,1.55,-8.6,12.9,-5.85,-3.7,-26.35,-1.4,-15.5,-28.55,-12,1.8,-23.1,-3.7,2.1,8.15,17.9,-19.15,-32.8,14.1,12,23,18.6,20.05,-1.35,-18.75,3.7,-13.15,-20.6,4.9,14.8,-6.7,
2026-01-16,34.4,-16.25,11.25,-17,-17.2,35.75,16.75,9.15,-14.45,23.15,5.75,17.65,52.9,12.4,9.5,-4.75,12.95,-20.85,11.05,-17.6,-7.95,-4.95,4.9,-14.45,-5.8,-0.55,7.45,-4.4,-7.85,-3.1,-8.8,3.15,-16.45,14.7,22.3,12.9,-9.35,-3.25,-58.25,18.65,-3.05,-7.55,-3.9,11,-22.2,-17.35,1.6,-10.2,-3.9,-17.9,6,0.55,2.8,-8.15,9.75,-19.9,-3.5,-3.75,-8.1,17,-0.25,10.45,-1.35,3.85,3.7,4.7,-7.65,-8.9,10.1,-4.6,-4,-11.85,11.2,4.45,1.25,
2026-01-19,-55.7,-20.4,-20.95,31.65,-30.1,10,-5.65,-10,-3.6,-26.35,16.45,-3.8,6.6,7.65,-33.5,3.4,-5.45,10.45,1.35,4.65,28.9,9.75,-9.5,-7.95,-14.15,-5.75,3.4,-0.4,16.55,8.25,-3.6,3.9,-13.1,-14.7,-4.95,17.45,14.5,-15.6,-1.8,-1.9,-9.85,11.15,-4.8,21.85,9.45,0.2,2.85,-20.65,5.05,-4.35,-3.1,20.8,11.55,-8.6,27.8,20.2,3.55,19.75,1.35,-29,20.4,-1.55,-15.05,12.4,11.4,-0.55,8.65,4.8,3,-15.45,-16.4,-6.4,-20.55,-11.65,-6.1,
2026-01-20,-22.05,-44.95,-26.6,6.8,-38.65,9,-6.15,-26.8,22.35,11.2,6.6,-13.25,14.05,-2.75,-1.9,-5.6,13.45,-10.75,-1.8,-12.25,-5,-8.4,-8.9,-2,0.6,1.4,10.55,-6.4,7.65,3,0.5,16.2,-14.75,-20.85,-23.75,2.1,-6.6,-5.45,3.9,-7.25,-2.15,-16.55,11.1,4.2,2.15,-8.4,-4.1,-7,2.5,-0.15,-4.5,-21.85,-22.55,-3.95,-8,4.4,-0.6,7.45,-24.35,7,-1.8,6.1,23.45,-11.25,-20.35,-18.25,1.9,-11.05,-25.65,-32.6,-9.5,-52.25,-15,-18.7,47.25,
2026-01-21,101.4,-17.8,-22.7,40.9,-52.65,10.85,-0.75,-21.2,-19.6,0.6,-5.8,-0.95,-9.35,-38.4,-11.1,-0.85,-16.05,-50.45,-17.8,-41.75,24.55,2.75,8.9,50.45,20.25,-17.35,-29.15,15.65,-0.6,-3.05,9.25,8.45,8.5,47.55,-0.15,19.85,22.3,28.7,-51.15,51.55,40.55,-2.35,53.4,3.35,-3.1,8.05,-26.85,-20.55,-23.2,-1.8,-2,-27.15,29.75,-15.75,0.55,-26.65,-15.95,-2.85,-4.95,-6.5,40.35,-24.45,-31.1,42.6,-8,-4.2,6.85,-1.6,-10.05,33.75,-12.75,-10.45,4.7,-6.55,16.05,
2026-01-22,-26.15,20.95,49.8,21.45,-3.3,-8.35,25.95,-23.35,-0.8,-19.6,-8.8,8.85,-35.2,7.65,-56.65,17.95,-24.05,7.5,-19.3,-3.5,-50.5,8.7,-5.85,-9.3,-1.5,38.6,-6.05,1.9,-11.75,-29.8,5.9,-8.15,-14.05,18.25,22.8,7.65,2.5,3.55,12.7,9.95,-11.95,-6.4,5.5,-22.4,-18.1,8.8,-14.45,-9.25,9.05,-3.55,-17.15,37.2,-23.2,13.85,7.3,22.2,-3.7,-5.15,-11.85,-33.15,0.35,19.55,37.6,42,7.3,3,14.35,-17.85,12.65,-36.65,25.1,7.75,17.15,12.15,4.95,
2026-01-23,-69.3,45.3,24.15,-28.8,-11.45,-19.8,12.65,-17.9,9.45,-4.35,-9.85,3.05,-19.2,2.5,26.3,12.1,-3.45,-8,-17.3,2.2,-0.7,-11.85,9.15,10.65,-20.05,-0.35,9.4,-19.45,-27.35,-18.1,-18.1,14,7.15,4.4,-29,-5.65,33.65,-16.7,1.1,5.85,6.65,6.5,-12.55,17.05,-26.8,-9.65,-6.8,8.65,-47.7,-20.55,-3.15,-54.95,-9.7,-13.75,7.85,6.25,-13.3,15.5,2.05,-4.75,-3.95,-15.4,24.15,18.8,-0.05,-3.5,-30.8,18.9,11.3,-33.65,-30.6,13.95,-7.25,7.15,15.15,
2026-01-27,-53.4,-61.1,12.25,31.1,101.55,56.95,3.4,-14.5,-30.15,19.3,-30.75,28.55,47.25,-15.45,-43.5,5,-17.65,-82.1,12.5,-46.9,-13.15,27.2,10.45,9.45,19,-10.4,19.05,5.25,27.3,63.65,-46,-22.65,15.1,9.65,0.7,4.1,-29.6,35.6,-25,-3.45,-12.6,-6.55,-22.7,33.85,-5.05,-8.25,8.9,-0.55,8.95,4.95,18.5,-15.8,-75.55,11.65,12.5,-16.35,5.6,-34.3,7.05,8.5,-5.55,-8.8,9.95,9.05,50.1,-5.5,26.3,26.6,-4.15,-12.35,17.2,27.45,33.65,26,3.7,
2026-01-28,77.15,23.3,-5.15,-42.8,0.8,-18.4,-0.25,-4.25,14.4,-14.9,-38.15,-4.75,12.1,14.5,-28.85,12.15,42.3,-20.15,-1.05,15.5,2.6,21.25,0.15,5,-2.8,15.4,-0.25,0.4,-28,-18.05,23.7,-2.5,7.65,7.9,-11.65,-3.75,-11.65,-16.4,-14.8,7.5,-5.35,0.7,-10.5,1,-7.05,3.95,-2.35,15.35,1.95,-40.2,-0.6,-5.55,-0.6,-23.65,-8.55,19.8,12.25,3.25,-12,-14.9,17.7,-7.3,15.35,-10.7,13.2,13.9,28.45,26.3,12.95,13.55,-0.4,-5,20.8,-0.7,-2.45,
2026-01-29,-64.45,-5.45,-2.45,9.85,-53.3,-15.2,20.1,-46.75,3.4,7.7,-2.15,21.25,0.5,2.05,-17.55,16.8,-26.7,3.75,-6.2,39.7,10.05,3.8,8.85,10.05,9.6,20.45,-9.35,-14.6,-6.75,13.65,-7.4,-18.75,14.85,6.4,18.55,-2.95,-9.05,17.15,-4.2,11.45,-9.1,-7.15,20.15,26.1,-8.25,29.05,5.2,-3.5,-15.15,7.2,-9,36.9,14.4,14.7,16.05,2.25,9.75,-13.15,-32.05,27.8,-11.45,7.3,21,16.85,-5.85,-1,11.5,-6.65,-10,-17.55,1.45,-15.4,13.9,-9.05,8.25,
2026-02-01,-50.95,18.2,20.35,-10.1,1.8,24.4,2.1,-13.95,3.05,2.45,5.6,20.8,-3.75,25.35,-2,5.9,0.2,-5.1,-1.3,6.1,6,-19.25,52.45,-4.85,-26.35,-15.65,15.75,1.15,-20.15,-53.6,-10.85,-9.95,-9.35,-27.75,96.2,-124.7,-142.1,-54.4,-122.65,-68.65,176.9,3.7,-33.5,52.8,48.35,35.3,8.05,5.45,-3.05,11.1,-61.6,25.05,-21.45,9.05,-25.1,-57,53.4,-17,-17.85,0,0.5,-1.8,25.75,25.4,-5.35,-22.9,-66.65,-35.8,-8.95,18.6,-62.35,-30.35,-58.45,-40.05,18.05,
2026-02-02,9.85,65.35,-26.05,36.5,1.25,-21.8,27.15,42.55,-71.45,-46.25,-7.5,17.15,8.6,-17.4,12.15,32.8,-2.9,-8.7,2.4,-25.9,-49.45,-20.5,-24.8,7.65,-17,-22.95,39.7,103.75,18.3,22.3,-0.8,-2.2,6.65,-13.5,8.15,40.95,-21.35,7,0.1,-18.55,3.3,-9.1,32.15,-8.75,45.25,12.35,7.7,-25.1,-48.4,-16.65,22.95,-8.85,25.6,51.55,3.15,-1.65,-16.4,1.65,-18.3,10.9,-12.95,23.1,20.55,-32.1,18.3,-2.05,39.1,24.95,14.25,33.3,19.7,-0.4,11.15,-7.2,-10.9,
2026-02-03,-498.3,-2.15,-26.95,-30.15,16.35,-44.35,50.1,-43.7,-30.8,-2.25,-16.25,-14.25,81,27.75,-10.9,38.75,3.45,-15.55,-34.55,2,14.6,13.3,-16.45,6.1,-8.3,21.4,16.05,42.5,-10.8,3.65,-17.95,1.7,12.25,-29.15,8.15,6.55,-8.05,-18.25,-25.05,8.8,-6.6,3.6,-12.35,6.5,4.15,5.9,-9.9,-1,7.3,-4.7,-21.95,-12.4,14.85,27.8,-5.95,11.1,-35.65,5.6,9.65,-9.85,-10.4,9.45,-3.6,-6.25,3.1,-19.85,15.8,2.45,14.5,-59.1,-3.05,0.7,19.4,-11.15,-16.35,
2026-02-04,35.65,41.6,-2.15,8.55,-32.2,58.95,-1.6,-23.6,18.4,-3.4,20.3,-13.55,-25.2,-12.45,-1.7,-17.65,1.25,13.25,13.85,-8.55,3.8,3.15,-11.65,-13.45,-15.05,-11.05,2.45,7,-2.4,14.15,-2.85,8.15,6.1,-9.35,18.95,6.35,-7.55,-5.65,20.8,-8.35,3.55,-2.5,-15.25,-3.5,-14.95,12.55,16.7,2.6,-1.2,13.65,6.7,7.2,6.55,-0.15,-5.8,21.75,-11.65,-8.75,0.95,24.15,16.25,-5.7,-3.05,1.45,12.1,-2.1,-14.65,0.4,-12.65,5.1,-5.4,-2.35,-14.05,-10.4,-23.35,
2026-02-05,-28.55,-46,8.05,2.05,-15.1,-44.45,-3.65,-7.15,12.4,-0.5,-0.55,37.2,-1.95,24,-25.3,-22.2,-19.1,15.2,-2.85,-5.2,-9.55,18.75,19.6,11.3,-25.85,-2.05,8.15,-5.25,23.65,-5.15,-31.3,3.45,13.7,-0.05,-15.4,-6.75,-14.65,0.75,5.5,-2.8,3.8,-4.6,8.35,-3,17.85,-2.4,4.1,-6.9,13.1,-6.65,-32.15,20.85,6.75,-3.7,6.6,-12.55,5.3,-8.15,-33.55,2.25,-0.05,1.1,13,14.6,4.4,-7.8,-3.45,10,15.05,19.2,-22.35,3.05,-18.5,10.5,-1.1,
2026-02-06,-2.3,-12.8,-13.75,-11,-19.35,-17.15,41.8,-15,-1.85,-18,-3.1,-15.75,27.65,0.75,-37.3,-2.3,17.6,-19.2,6.1,-9.3,24.3,24,12.85,17.8,0.4,15.4,-4.35,19.3,20.15,-3.8,13,-11,6.75,-10.1,-27.2,17.6,-8.3,-32.45,3.3,-29.95,9.3,-8.95,-0.75,-9.35,24.4,1,-3.75,7.15,7.55,0.25,-1.5,-6.55,22.3,-8.15,10.45,29.7,-0.65,1.45,6.7,-13.2,7.55,-15.6,6.2,11,9.2,19.75,-15.2,14.4,18.5,14.25,9.5,8.05,-2.55,7.4,-24.9,
2026-02-09,-73.15,7.55,1.7,-19.8,-20.1,11.1,19.1,0.25,1.25,9.95,-14.1,-8.6,16.55,1.7,-5.3,13.95,17.75,8.95,-6.5,12.95,5.1,-8.75,-1.25,2.3,2.5,2.8,-4.9,-10.45,10.95,-10.55,-3.35,-14.3,2.7,8.4,12.55,0.95,-3.75,6.35,-9.65,-10.9,-5.1,-1.4,-3.1,-11,14.45,4.85,8.85,-4.45,6.6,-13.1,-9.1,9.5,-1.75,1.8,-6.9,-2,-1.25,-3.75,2.3,-3.4,5.05,6.3,-1.3,-7.7,-2.4,-6.35,6.6,-4.55,7.8,8.35,0.8,-4.55,2.1,-5.55,-1.55,
2026-02-10,-4.6,-2.55,2.7,25.55,-2.25,8.25,-1.45,-15.55,17.3,6.2,-2.95,-7.25,21.6,-1.45,-0.55,13.25,-7.05,-9,-0.75,-2.15,1.3,5.3,-2.1,-1.9,-0.9,-6.8,2.9,2.4,-3.15,-2.55,-2.05,11,1.65,2.45,-8.95,9.7,3.65,-7.9,-2.4,-0.15,1.9,6.7,19.6,-4.1,-5.95,-6.25,13.45,-0.95,-29.6,-16.75,6,-12.15,3.15,4.45,-3.15,13.5,-22.25,-8.65,11.05,9.05,24.85,-17.2,-1.95,5,-5.85,-2.6,17.3,7.6,5.7,8.4,4.85,-24.9,-15,-7.6,5.4,
2026-02-11,-12.45,-4.25,-0.25,-24.75,-21.55,5.45,-7.95,19.7,-6,-27.4,11.45,-7.7,36.1,6.85,3.75,0,13.45,-9.25,8.55,-14.85,0.55,4.7,-24.2,15.05,-1.5,4.7,-2.55,14.25,-4.7,-11.7,4.9,-3.8,-11.9,8.15,-13.45,11.6,-11.6,-5.15,1.6,-13.8,-9.75,-5.35,5.1,10.5,1.5,-13.95,12.75,-1.4,4.95,1.9,13.35,4.5,7.7,-2.75,-15.8,-6.2,0.95,6.45,-0.7,19.4,2.45,-13.05,-0.05,8.05,-7.05,0.25,-2.15,3.45,-2.7,11.45,-5.05,2.95,-2.7,-7.9,-5.1,
2026-02-12,-51.45,-13.8,-11.5,2.55,2.65,2.1,9.85,1.4,4,3.6,-6.55,14.45,-5.5,-1.15,-8.85,5.45,-13.75,-1.95,-1.15,-4.8,0.2,4.3,-3.35,-5.35,-9.45,-7.35,-3.5,-12.75,-4.65,7.8,-1.05,-13.15,10.4,-11.9,11.9,0.55,6.45,-1.75,-4.65,7.45,-4.95,4.75,-0.8,7.85,-0.4,-1.05,-15.6,-5.6,15.15,7.25,-5.6,-7.95,9.7,-17.15,-27.55,3.9,-5.45,0.6,-0.2,-0.25,-10.3,25.4,-10.05,0.5,-15.25,-11.45,-37.95,14.8,9.15,35,-1.8,-13.45,5.2,-9.9,-0.2,
2026-02-13,25.25,5.55,-19.3,-38.4,-10.7,23.45,-16.5,10.45,-18.7,14.35,-14.9,-4.05,-5.25,11.9,9.2,18.75,12.15,-4.85,-15.2,1.7,0.5,-16.55,-9,17.05,-21.5,1.2,15.55,-18.8,-0.1,18.7,-2.35,2.95,6.45,3.65,6.65,4.85,-1.2,7.7,4.85,16.65,-9.25,-9.5,-13.55,-14.6,-15.05,-0.45,6.3,24.8,9.5,-31.4,-7.4,-4.5,4,-9,-28.6,6.65,7.45,1.1,-7.2,16.1,-7.05,-0.95,3.95,-20.25,2.8,-2.25,-3.3,7.8,5.6,-25.5,-12.1,-5.3,9.5,-19.05,-10.35,
2026-02-16,48.6,7.6,-10.35,48.35,-26.75,-35.1,-5.2,11.8,30.3,29.65,-5.9,29.4,-0.65,-23.75,-0.25,5.15,-7.05,-1.05,-7.85,-3.15,10.35,7.35,0.9,2.9,0,6.75,-23.65,1.3,7.55,-4.85,-5.45,-6,20.1,3.2,3.75,6.1,15.85,-2.7,15.1,7.9,-10.45,2.8,-24.95,11,-9.85,14.05,6.8,-4.85,-3.5,8,6.8,-6.15,12.9,0,-8.3,-13.55,-1.4,11.35,-15.15,16.9,-5.85,8.45,36.6,28.15,-11.2,10.25,19.25,-13.95,11.85,25.1,3.9,-0.35,-6.1,9.35,-6.9,
2026-02-17,-25.5,-30.75,13.95,19.3,2.75,27.9,-0.65,21.1,1.15,0,3.45,13.45,11.3,4.2,29.8,-13.6,-17.15,-31.15,-4.95,-0.5,11.55,-1.2,3.8,1.9,11.85,2.4,4.6,27.5,9.35,-8.3,15.3,3.6,-11.95,-6,2.35,-4.25,19.55,5.45,-13.7,1.8,-1.75,5.9,2.75,13.35,-18.75,-16.55,43.2,-23.7,-0.15,5.35,-0.1,10.85,-10.65,2.1,-9.65,-3.3,-32.85,26.65,-17.5,-39.7,26.5,1.35,-14.9,9.95,28.55,-5.9,-9.1,7.3,-5.95,-3.35,30.8,-19.05,-5.1,4.05,-9,
2026-02-18,-10.6,-37.5,23.1,1.2,5.35,3.25,-24,-19.75,-36.4,-0.15,-2.85,-4.85,7.5,-2.35,-5.6,6.8,-12.6,-2.05,19.95,10.1,11,0.15,-2.15,-3.9,-14.15,-0.45,5.85,18.75,-12.7,-11.55,1.15,7.35,5.55,2.1,7.8,-2.6,2.6,6.2,-8.65,8.8,9.8,-5.65,-11.15,11.6,5.3,4.8,-4.95,-1.45,9.9,2.9,-17.1,0.3,-4.85,3.25,10.9,-35.15,25.1,1,8.9,21.75,14.65,18.9,-4.7,-5.1,2.2,-0.8,1.8,5.6,5.2,19.8,12.05,-1.95,-1.75,0.45,-9.75,
2026-02-19,-19.45,-3.45,-32.6,-13.45,-14.4,-10.85,28.3,-25.65,-10.75,14,-6.25,-22.2,-0.9,-3.25,-6.1,-7.25,-23.55,18.45,-12.05,10.7,2.1,0.15,-7.85,-11.5,-9.65,-21.9,6.25,-0.75,-1.85,-4.75,-14.9,-5.85,1.5,-6.55,-15.2,-33.05,8.55,21.55,-5.9,-11.4,-19.95,-11.65,3.35,7.75,4.15,0.05,30.25,-4.2,-16.85,24,-10.9,-26.65,9.9,0,-13.2,-7.65,-19.45,-10.35,14.1,5.3,27.7,-18.8,-32.55,18.7,3.85,-49.9,-2.05,8.85,2.8,-17.1,-15,-40.45,-37.4,-5.85,13,
2026-02-20,46.35,-21.7,-49.9,84.6,2.55,12.85,26.25,-4,16.9,-23.9,-22.35,5.05,58.15,6.3,7.05,19.9,7.9,20,-6.85,-0.9,-4.1,-5.65,-8.55,-8.55,16.1,-8.8,17.1,7.7,6.4,1.1,-7.85,-8.45,14.55,-10.5,6.05,10.65,32.45,12.9,5.4,-9.95,-10.6,-26.55,2.6,4.7,-17.5,-6.35,-26.3,-7.75,-8.2,4.2,19.3,26,-20.5,-1.75,8.05,-16.35,36.25,-7.75,3.95,6.3,28.9,-25.95,-13.25,8.75,7.05,18.05,23.9,-17.4,10.7,-48.9,-22.85,-1.75,-16.4,14,-0.4,
2026-02-23,19,38.15,24.25,-19.9,-11.85,1.25,8.4,-24.35,10.15,0.1,-3.15,-11.4,10.05,-2.25,-19.55,-7.65,-11.7,-33.1,-4.35,17.95,-4.9,14.35,-3.2,16.05,-23.55,-11.75,-1.75,-7.25,13.15,-1.7,-19.3,9.9,-9.4,10.35,3.85,-4.1,7.85,-17.15,-3.8,1.3,5.95,22.6,-21.75,-8.15,-18.1,1.55,9.85,-13.6,6.8,9.1,11.55,-20.45,-1.1,16.55,-11.75,-1.1,-14.7,-14.8,2.75,3.15,12.55,4.55,25.55,20.4,-14.95,-11.05,26.9,-20.65,-6.15,39.8,-9.1,1.65,4.95,3.7,-13.7,
2026-02-24,-70.35,-11.25,-10.75,-34.7,-4.65,-8.2,25.05,-13.65,4.7,-2.45,3,-31,16.3,-12,7.65,5.6,4.35,-5.75,-25.45,-6.7,5.85,14.3,11,10.35,3.55,-3.7,13.85,-10.55,14.8,-21.8,-1.4,-9.3,-15.55,-9.15,-4.35,5.35,-18.2,-24,8.35,-0.5,-0.65,-10.45,-24.75,8.9,3.35,16.85,-3.1,5.8,-2.1,-22.9,-19.1,-39.1,38.25,-12.2,-1.95,11.6,38.05,-23.35,21.55,31.25,-5.85,-29.65,2.4,-10.65,21.45,-36.15,15.6,17.4,12.2,-18.2,6.85,8.1,13.35,5.2,17.9,
2026-02-25,49.2,6.3,14.1,-5.8,-9.6,-8.7,14.3,-2.75,27.4,17.35,12.35,3,7.8,-8,4.5,8.3,-9.6,-14.25,-2.45,3.5,-8.75,0.95,4.7,-5.2,-8.4,0.5,5.45,-12.5,1.95,-16.75,27.8,-10.8,-13.55,18.8,-3.7,-5.85,7.05,-9.05,-7,-55.75,-6.85,-24.55,-36.65,15.85,-6.8,-9.6,1.95,-1.2,16.1,-22.1,4.6,1.15,5.1,-5.25,5.05,5.65,-1.15,-29.15,-9.65,20.7,36.5,-21.2,-24.8,26.2,1.6,-6.8,-21.25,7.3,8.65,31.2,-16.55,-4.2,4.35,-6.2,2.8,
2026-02-26,-21.2,-35.85,5.35,13.65,26.15,12.6,1.9,-46.7,8.55,25.85,20.05,-3.7,2.15,-22.15,-10.7,10.05,-9.65,4.2,15.35,-19.7,-17.2,14.9,-7.2,10,11.7,6.95,-4.65,-14,-19.35,-40.35,23,-14.3,-15.5,16.9,2.8,-12.55,-10.65,-14.3,-2.15,5.25,10,14.7,-4.85,-20.8,-17.45,36.35,-14.75,-8.15,-7.55,17.7,0.5,-4.45,4.9,-2.45,-19.25,23.3,-2.4,-13.65,14.65,13.35,-11.55,-16.55,12.6,20.8,7.15,39.2,-4.15,-5.45,-2.85,-17.65,18.05,-14.8,9.15,1.75,-5.7,
2026-02-27,-64.45,4.85,-33.9,2.1,16.25,-18.7,-16.45,-11.4,-6.1,-3.05,-8.2,2.9,-19.15,11.7,9.4,2.65,7.95,-19.95,7.85,-11.65,-6.15,17.6,14.15,-0.55,-9.2,-6.3,-13.95,-23.4,-2.7,12.8,6.85,4.55,6.95,-0.4,-19.55,-7.75,-0.8,-11.45,27.4,-9.65,-8.15,-5.35,5.5,1.15,-6.25,1.55,14.15,-3.6,-4.55,2.95,13.2,-7.2,3.75,4.4,27.4,-6.15,22,-16.8,6.4,-7.4,-0.45,-4.7,-25.1,0.6,4.5,-4.85,6.65,-1.05,11.85,-125.95,-15.35,0.05,1.45,-3.75,14.5,
2026-03-02,233.7,3.4,-7.3,84.8,-25.9,15.1,-11.1,-65.25,58.4,-47.95,-14.3,-0.4,-8.95,-11.95,-4,11.75,-18.8,-41.75,4,10.45,26.55,-2.25,4.45,-16.1,-13.25,-4.85,-22.35,5.25,15.3,-0.5,-6.9,-11.7,-20.25,-10.4,-4.35,-24.15,-16.05,3.25,7.2,0.35,-38.4,-7.75,1.1,10.5,-0.75,-1.25,-6.4,3.35,3.55,-0.75,-16.8,-0.55,-2.95,-0.35,-13.7,-15.2,-31.95,74.7,60.15,41.15,-5.35,-3.4,-49.2,68.85,35.8,26.5,6.85,4.55,-52.4,37.5,-0.45,41.6,6.85,-49.2,-15.8,
2026-03-04,-3.7,-46.75,2.3,-12.4,11.9,60.15,-45.7,-6.65,-33.3,7.05,32.9,44.8,-25.65,11.6,19.45,-21.15,-8.85,-0.8,8.65,-3.7,-7.35,28.25,29.75,-16.2,-24.1,-18.85,-27.9,-2.25,1.5,-4.85,3.8,0.35,4.35,12.25,3.6,-15,-12.15,4.45,-8.35,6.1,2.4,4.05,2.5,7.6,22,4.15,15,22.05,-20,17.4,-8.35,-15.6,10.95,14.55,-21.55,-14.05,8.3,13.2,43.4,59.4,12.5,-33.35,-14.05,11.15,3,38.4,2.1,0.7,-3.4,-75.45,-36.45,-5.2,-7.95,13.35,5.55,
2026-03-05,-31.1,20.4,-39.85,-6.1,-32.05,62.9,8.65,44.35,-20.35,-5,6.2,-33.2,-1.05,-12.85,-18.05,-4.1,67.75,23.1,-9.5,4.3,20.3,-19.1,6,-13.2,16.05,-23,-22.2,11.3,-21.4,-13.6,-21.05,25.4,-15.75,9.95,-2.55,28.35,-13.3,15.95,29.65,1.15,2.05,-7.35,-15.05,20.55,0.3,-20.65,10.95,-5.05,-9.65,7,12.35,-12.35,-25.55,5.1,-4.45,-23.5,-20.25,5.7,-25.75,0.45,-22.2,59.7,20.15,-29,88.9,54.35,31.35,89.5,2.7,-58.5,-15.1,-57.85,0.85,1.85,17.6,
2026-03-06,-62,52.7,33.75,-31.05,-1.95,31.05,-20.45,-14.35,-18.15,10.7,18.95,-0.65,21.15,-5.05,-17.45,-33.25,3,-0.8,-34.3,9.5,-1.1,40.8,-0.6,-18.5,-11.05,-6.45,7.05,12.7,14.8,-18.45,15.95,-12.55,6.4,-16.2,16.4,-17.95,1.4,-1.75,-31.4,16.8,-8.7,13.8,-4.3,0.95,6.5,-3.5,-5.65,7.2,-4.25,9.3,3.8,-24.8,16.4,-5.5,-14.75,-5.8,-19.35,11.35,18.45,1.65,22.05,1.65,-19.45,-10.35,-14.9,-25.75,-54.7,24.35,-29.6,-20.05,-0.9,-18.5,-6.2,12.8,22.15,
2026-03-09,-93.7,-58.05,16.15,28.6,-0.2,-28.45,24.35,15.45,-1.85,-15.4,50.5,-1.8,-40.5,9.6,6.85,-28.85,22.25,10.25,-29.5,98.55,11.15,-17.55,-17.9,-10.65,15.6,13.05,30.6,3.65,19.25,-3.15,-5.3,-0.1,-4.7,-4.9,-40.25,14.1,-3,13.1,-2.6,-18.3,23.35,6.5,-18.55,34.15,21.05,5.1,-15.75,-27.5,-6.65,1.95,16,28.7,-2.3,-6.45,-16.35,15.25,-22.4,5,11.2,-10.35,-9.1,24,4.2,4.75,22,17.1,33.8,28,-1.85,37.1,-16.95,16,-6.55,-26.1,-9.25,
2026-03-10,-130.4,1.9,8.15,-34.9,-30.85,60.3,-16.3,-5.2,-38.75,39.55,8.7,11.9,53.05,-36,-8.6,40,-6.7,24.35,5.2,-30.15,5.2,5.05,16.8,3.3,-11.95,22.5,-4.4,15.1,6.65,-2.2,-41.8,5.7,-3.65,3.35,-9.15,-32.85,11.4,-32.4,9.75,-2.4,-3,-9.6,36.9,33.95,0.6,4.7,-20.05,1.3,5.5,-15.9,13.25,19.25,20.75,-13.15,-4.85,5.7,-6.5,-0.1,42.7,9.2,-33.4,-13.3,-2.6,-20.05,13.15,-2.9,39.75,-1.95,-2.4,-9.55,6.95,-2.05,16.85,17.75,-5.45,
2026-03-11,54.05,-46.3,-6.25,-9.3,-36.3,-7.05,9.85,-50.75,5.35,6,-42.75,-2.35,6.9,0.45,-4.65,3.05,-39.8,-12.9,13.6,-3.95,19.1,7.75,-25.8,-14.35,-31.65,-30.25,20.05,-32.7,8.15,3.1,-17.7,-2.7,-13.25,39.35,-19.6,8.45,2.75,-0.45,-4.3,-21.45,-21.05,37.35,-19.3,-7.45,-13,-12.3,9.35,-41.9,8.05,21.8,17.95,-3.35,-16.2,-4.15,-6.7,9.65,-2.65,-3.95,-20.75,3.75,-25.65,-16.8,75,-51.5,13.55,-17.3,-5.1,-1.25,-44.35,9.15,-8.25,-18.65,10.35,-16.25,-12.35,
2026-03-12,-111.7,36.9,1.7,-7.8,-21.1,28.15,16.95,33.25,36.8,-17.55,-51.65,-22.3,2.15,1.7,49.45,19.1,26.8,-21.65,0.6,-0.1,45.65,25.6,-30.15,1.6,-44.85,2.8,-0.55,-6.3,-1.1,11.95,-18.15,17.25,25.95,4.75,-18.75,21.55,-26.85,23.5,-6.75,-22.5,-12,5.15,5.4,-14.5,6.3,-15.1,-19.9,31.7,-16.05,37.4,22.6,39.05,6.55,-23.7,-6.8,-12.15,-33.25,12.3,-31.45,17.2,10,-16.55,-22.35,24.8,-14.35,-52.35,-0.6,-41.2,4.95,13.8,11.15,-31.45,13.2,-15.05,3.8,
2026-03-13,-12.25,-16.9,38.5,-15.9,-0.3,-31,-29.15,-36.55,-16.9,12,-24.75,-7.55,-13.45,-6.25,39.75,-27.7,11.6,-13.55,5.2,28.55,10.6,-15.55,-23.05,-11.7,1.3,11.85,40.35,12.45,12.95,0.55,-5.85,-16.25,-28.5,-18.95,-12.7,2.25,-20.8,-49.55,5.4,-40.85,-24.7,-6.8,26.9,-12.05,0.65,-11.3,-26.6,-22.75,-6.75,-30.5,46.6,-23.4,-23.55,9.9,1.15,-24.05,-22.6,21.55,25,29.1,15.55,-11.25,-8.3,30.9,-33.45,13.05,-37.65,-26.3,5.25,-43,-4.7,25.65,-8.25,-4.95,23.6,
2026-03-16,56.45,-33.9,16.9,60.15,21.6,-0.45,0.8,-14.35,-59.1,28.15,-12.65,-29.55,-54.35,-43.9,-30.75,18.6,12.4,-4.8,-17.9,-49.45,44.9,10.1,32.9,14.45,94.2,-3.65,-10.5,24.1,-30.4,-16.85,10.1,-5.6,-8,10.7,4.05,3.65,2.75,25.4,-11.75,-34,15.25,-4.6,-51.5,21.1,9.2,-10.85,0.6,-3.45,33.15,-1.5,-25.5,-15.45,20.3,-18.1,0.35,22.2,3.2,-6.75,14.15,18.95,70.55,109.9,8.15,13,41.35,12.85,24,1.9,-9.7,-53.6,36.65,-6.95,-59.8,-22.15,0.75,
2026-03-17,-97.65,-29.45,14,12.1,46.6,15.35,31.05,-1.4,12.55,16.75,7.75,7.3,28.55,10.4,-61.65,-33.85,20.15,-5.65,38,-1.8,4.45,-9.7,-23.95,-20.25,-31.9,-27.1,-28,-19.5,24.85,1.05,1.75,18.3,4.95,-4.35,24.2,-0.15,-52.75,1.5,19.5,3.5,13.9,27.65,38.85,-21.25,12.7,28.15,11.4,16.7,20.75,-15.35,0.1,7.4,-36.9,17.25,25.7,-10,-6,24.2,4.15,30,-38.3,-17.15,9.05,24.75,9.9,-5.3,10.25,22.4,32.1,-62.25,1.75,12.6,-44.65,-5.2,0.2,
2026-03-18,89,-45.45,38.3,10.5,-18.75,13.65,11.85,-9.05,-33.05,-34.1,-7.85,14.95,42.4,28.15,-11.95,10.5,1.1,-7.2,38.2,8.6,3.05,13.6,-5.3,8.7,2.35,11.95,1.75,-7.1,21.25,4.6,-12.75,16.25,-13.85,-13.35,-13.85,0.35,7.25,-4.25,-14.6,13.7,-7.6,5.35,8.05,-13,4.3,21,-18.6,26.7,-5.8,30.7,-3.85,9.3,6.45,3.9,-16,17.65,-10.95,-5.75,0.65,-9.85,21.85,9.35,-13.45,-40.3,5.25,-20.9,18.5,-14.85,16.25,3.05,-8.3,-3.35,-25.55,-16.2,13.15,
2026-03-19,91.75,55.45,-29.4,-16.2,-42.45,9.9,-31.3,3.35,3.55,22.9,-3.7,-23.85,-17.75,43.05,13.95,1,36.4,-1.65,-35.85,9.1,-25.95,-10.55,-11.65,-20.5,-2.65,26.9,-16.85,21.55,-6.15,1.3,4.6,-0.55,-4.55,-10.3,1.35,33.6,13.1,-30.15,9.9,-5.95,4.4,-17.7,35.35,2.35,-9.95,-26.45,-4.55,-33.35,0.55,-17.95,-7.05,-0.85,27.05,-6.05,-7.7,8.05,-34.7,-35.25,-21.85,4.85,17.2,-1.1,-27.55,16.05,-17.7,12.5,-46.55,-28.65,-79.4,35.1,-16.7,15.2,49.7,31.65,19.15,
2026-03-20,171.35,-29,29.4,26.75,-44.1,-42.45,16.3,-4.3,15.65,-26.25,12.2,-1.3,-23.8,23.25,17.05,7.55,16.8,2.85,5.6,16.05,-17,-30.35,21.45,-1.45,16.5,20.95,-11.8,-5.7,-7.45,-19.6,0.75,-39.55,0.75,-22.3,-17.6,20.1,-48.55,-32.4,0.35,14.45,13.05,20.25,10.8,8.1,-13.15,25.4,0,-10.65,3.6,11.4,8.5,-13.25,24,-38.3,-27.25,9.25,-23.2,40.35,-11.85,-27.7,0.65,-16.4,-22.2,12.6,-27.35,-53.15,4.95,-19.15,3.85,48.1,-14.8,-17.5,-13.75,21.25,21.9,
2026-03-23,-136.9,16.35,2.8,10.9,2.85,-8.25,-43.1,-33,-31.05,18.65,-9.55,-34.8,-17.45,-12.7,-10.2,7.15,19.75,-10.25,-0.65,-18.65,2.9,1.95,28.4,-6.05,-20.25,13.75,11.55,-24.95,7.85,-19.05,14.25,19.6,0.5,-9.5,2.05,-15.9,-5.8,-37.75,24.4,4.25,7.2,11,8.6,-38.2,-4.15,-18.65,8.9,0.2,4.35,8.1,-14.2,29.65,0,44.35,40,3.4,-2.35,45.9,-18.25,-9.1,21.95,-15.8,-13.7,-83.75,39.25,38.05,-0.2,15.95,1.8,-110.85,20.3,-14,-24.35,8.15,0.65,
2026-03-24,-93.3,26.9,24.1,-24.4,-51.3,-20.2,-28.4,11.95,24.3,-48.3,-20.55,23.6,24.75,30.75,-25.2,-70.45,-33.8,36.3,24.45,-24.65,-28.1,39,1.15,18.15,31.05,-28.65,25.25,24.25,14.55,-10.3,14.9,16.35,21.8,-10.2,-26.3,-8.45,-4.6,123.5,-35.75,78.65,28.7,3.15,36.45,15.15,-34.65,-33.15,-2.9,51,-3.25,5.35,30.55,13.65,-5.75,8.3,-74.7,9.05,3.55,-4.55,1.85,20.6,-12.1,-24.45,-9.5,2.95,-52.2,13.5,5.7,-24.05,23,-5.55,6.45,-18.25,18.55,12.5,26.6,
2026-03-25,98.2,26.3,25.45,18.8,-18.95,54.6,-2.95,16.3,-1.5,-6.55,8.45,15.2,-11.1,-3.25,21.05,-3.45,4.55,53.6,-5.7,16.5,-7.85,18.8,34.25,14.2,-14.45,-29,0.05,-1.85,-30.15,2.45,28.8,19.55,-11.95,12.2,-0.1,29.1,1.45,-7.8,-4.2,19.7,-12,13.05,-29.2,-29.2,-15.65,24.7,-8.2,-1.15,-10.7,11.6,21.45,9.8,5,2.65,11.95,-17.2,2.2,13.1,-38.2,-15.95,-14.55,-54.4,16.05,0.65,-1.2,19.9,-12.4,-20.05,9.05,-2.5,-8.4,-20.95,-28.35,18.75,12.8,
2026-03-27,-131.75,35.15,-15.9,-38.2,6.05,29.25,-13.85,-23.3,-22.05,33.4,-8.75,-35,-7.55,35.65,-0.9,2.85,9.1,-29.25,-10.45,-25.6,21.25,5.75,10.1,-0.05,-30.75,-12.35,-14.3,3.65,10.75,-0.85,-1.55,9.25,-11.45,-9.15,2.95,-3.95,-23.75,23.35,29.5,-4.8,-2.9,9.75,-8.2,-1.6,-10.9,-18.45,0.2,17.05,29.6,-10.6,-25.25,-13.2,-10.55,18.45,-8.4,5.4,-6.75,-3,-11.6,1.35,-16.15,-5.85,-6.1,-29.95,-21.7,14.65,0.85,-0.3,-13.4,-12.25,-10.1,-6.85,5.55,-3.7,24.65,
2026-03-30,-27.2,8.1,54.65,102.2,-4.15,-16.55,-29.1,-11.7,-2.65,36.5,-48.45,-3.45,-39.6,-10.95,-7.9,-6.3,9.8,-24.3,14.05,-34.65,-3.05,14.7,-31.15,7.1,2.05,2,-13.05,35.7,12.95,-28.4,-21.15,13.55,6.3,66.2,9.25,9.55,-11.6,-24.05,-12,-2.45,48.95,-7.6,-26.8,-26.15,4.05,-14.75,4.95,3.9,-13.6,-0.95,-7.8,9.6,8.05,-32.3,-13.15,-23.45,7.85,34.2,-11.75,-28.55,-8.65,-24.35,-7.95,-14.05,1.5,3.35,-3.6,-12.85,2.25,-57.3,7.7,38.5,6.35,35.15,3.2,
2026-04-01,-12,10.95,29.75,-74.05,-25.15,26.45,46.1,17.4,-21.8,34.25,-20.75,-38.6,3.25,-43.35,-31.35,-1.1,17.4,-5.65,-11.45,-7.75,-20.75,-22.25,21.85,-7.45,3.65,14.85,8.6,9.65,15.55,-14.35,-43.55,-6.35,32.7,64.65,4.6,21.5,-20,-4.9,3.25,-1.5,14.55,-6.95,33.7,5.1,-11,2.5,4.25,14.35,-40.2,-32.9,-2.6,-31.6,-11.5,-88.75,28.35,-4.5,6.1,17.05,16.6,14,-12.3,-17.95,10.25,-25.4,-40.5,-3.55,-19.4,16.3,-9,25.5,5.15,-11.1,10,2.25,19.6,
2026-04-02,-155.4,25.8,-7,11.05,-2.05,14.55,-28.55,-14.55,-14.3,9.3,-29.15,47.95,-27.95,-15.5,27.9,-2.85,7.95,1.45,-14.85,21.75,18.1,-8.1,-0.6,-5.75,-8.2,-4.6,-1.4,13.3,15.5,-11.6,17.7,4.75,31.5,-5.95,-5.2,4.7,-5.5,0.3,35.6,23.35,32.85,13.35,-12.4,-24.9,40.1,8.5,3.9,-6.05,19.95,51.1,48.5,3.35,26.8,16.5,-4,-1.5,0.2,30.55,9.05,60.55,26.1,22.3,-6.9,24.8,-62.05,-47.65,31.1,44.2,-0.85,30.85,56.3,12.5,-44.3,-27.5,9.4,
2026-04-06,-114.25,-17.75,-48.2,76.2,22.65,-84.65,-31.6,-18.1,-1.8,20.5,24.5,39,-21.2,1.05,-3.9,2.75,23.3,-8.2,3.05,-39.9,17.15,-45.55,-1.75,-19.6,44.5,2.6,14.25,-19.1,8.65,24.8,1.4,22,7.4,-10.2,5.65,-13.4,-0.15,39.1,11.4,-63.45,18.3,7.7,80.8,19.2,26.3,-36.7,36.95,53.45,2.9,14,-18.3,21.2,-22.3,-12.55,-8.9,36.9,-20.2,28.1,-24.65,44.5,3.3,-8.9,-12.55,25.6,-5.1,-4.85,7.7,-13.05,6.55,42.6,15.15,14.7,-19.4,-1,-10.45,
2026-04-07,-65.65,28.4,85.2,-33.1,-8.95,-53.1,15,21.7,42.2,24.55,-16.95,20.5,21.4,-19.3,14.85,-30.8,12.85,28.2,-28.55,-54,-37.15,5.45,11.1,-5.1,27.65,32.5,14.8,0.45,-0.25,-23.8,-5.3,24.25,40.35,-41.8,3.2,-7.95,-10,-19.1,9.8,8.65,8.75,-1.15,-4.4,-4.95,-24.6,20.3,-26.95,24.75,25.65,-15.05,5.2,50.9,16.05,24.95,-36.75,4.75,-51.3,33.65,-0.85,-4.2,-17.95,5.9,8.15,19.2,-34.75,24.35,13.15,13.65,32.1,21.7,9.05,-15.75,14.05,10,-7.1,
2026-04-08,44.8,-34.65,14.9,1.55,33.45,6.1,18.75,-21.7,-25.55,1.6,-1.15,-21.4,23.6,-13.8,15.95,11.45,3.05,29.15,-11.55,28.75,12.4,8.3,-2.8,-0.25,8.35,0.2,-20.2,-14,-4.9,15.8,4.25,-38.05,-20.25,18.65,17.15,-8,0,7.05,-22.35,-34.4,5.65,24.35,5.85,-0.1,24,-10.3,-6.45,12.4,-1.2,8.5,14.45,-6.2,18.95,-42.1,2.5,-13.55,18.35,-19,-4.4,-17.5,14.7,11.7,1.15,-2.9,0.5,19.3,-19.05,2.3,14.15,-10.2,5.15,-6.45,-5.1,10.4,6.25,
2026-04-09,26.6,37.4,15.75,-92.65,-0.7,-30.15,-46.6,-10.9,-19.65,32.05,8.75,15,31.65,-5.15,-15.3,10,-20.45,-28.9,16.4,1.65,2.8,20.35,11.95,-4.6,-25.65,9.2,16.95,0.3,3.35,8.65,20.9,-3.3,1.75,-10.6,25.25,-18.6,-5.7,-5.8,4,-7.2,-9.3,-1.95,-46.15,24.2,0.1,0.7,-1.55,-13.75,-12.65,-15.85,-17.3,19.55,-15.85,-13.2,2.65,7.6,-2.5,12.25,3.8,-32.15,-6.85,-14.65,-11.35,-22.85,8.65,22.5,9.15,10.65,-6.7,-0.85,43.55,4.25,-21.7,8.55,-16.15,
2026-04-10,85.7,-48,18.9,5.15,-5.15,10.35,23.95,13.15,1.3,-17,-11.2,34.65,17.25,7.25,-11.2,10.8,-12.4,-2.9,-9,-10.15,13.6,1.65,8.35,2.1,-18.55,-0.75,-20.55,31.5,-20.4,-3.55,-15.05,18.35,12.05,13.25,8.4,-5.6,-4.55,15.65,-10.2,-14.4,15.6,-10.4,7.7,-11.2,3.7,8,4.75,-16.55,-3.9,-0.7,9.45,-2.9,7.55,9.05,-8.1,6.1,22.4,-11.8,1.6,-11.6,-25.35,-40,9.3,-1.8,8.6,12.1,18.65,-5.75,-1.4,40.15,25.25,-0.8,-3.55,0.75,-3.9,
2026-04-13,-11.05,11.9,13.85,11.25,-22.8,42.25,-2.95,10.6,25.25,2.55,3,-15.7,17.8,34.75,13.6,-6,14.55,-5.9,8.9,13.75,-6.4,-0.55,13.15,-6.15,2.55,-3.5,-1.65,-2.55,22.8,-4.8,20.2,19.8,-15.5,2.2,9.75,16.3,6.3,-15.35,31.55,-12,6.4,7.55,-2.4,-18.5,-15.65,-21.95,25.95,11.55,14.05,-9.7,-2.7,21.45,-0.55,-10.7,3.9,42.3,11.25,-5.45,-32.5,0.3,1.15,5.25,4,15.6,-10.45,-4.3,17.85,-1.9,0.85,-46.15,4.7,6.05,-18.05,-4.7,-3.45,
2026-04-15,67.05,-22.75,-16.75,-24.6,-16.7,56.3,-13.95,20.25,2.85,14.9,2.5,5.1,18.85,3.85,-4.75,-0.95,-16.55,-2.65,5.5,-24.15,-7.4,-6.75,-21.4,-2.65,1.7,14.5,-13.2,0.9,10.5,10.65,10.4,1.15,-4.8,11.3,-5.1,2.5,-9.65,5.5,-2.3,-2.2,15.3,-4.85,-12.15,-2.4,-5.8,3.3,1.75,8.15,13.2,-36.15,-0.3,16.4,-18.05,19.95,-8.25,-5.7,20.85,3.35,-0.35,1,-0.4,-11.7,18.5,1.75,-10.65,8.05,11.35,6.2,10.75,-16.75,-7.55,-13.25,-5.7,1.95,-12.75,
2026-04-16,5.35,-3.3,-2.4,-27.35,-31.35,-24.3,25.15,-10.6,-45.3,32.2,5.35,-0.85,3.55,-5.15,-3.15,11.65,-13.15,9.05,8.7,-0.4,-5.7,15.15,3.15,-9.4,6.6,-22,0.35,-0.55,-18.7,-25.3,-10.7,-5.45,-40.55,-37.05,11.6,12.95,-1.55,-17.6,1.15,-24.5,20.75,-19.6,-5.1,-12.2,20.5,5.7,-26.9,-1.85,15.25,-30.55,8.1,7.95,0.9,13.05,13.65,32.75,-1.05,-36.6,10.55,10.4,-1.25,-0.15,21.95,34.7,1.35,-3.45,15.1,6.25,-10.95,-26.5,-32.45,13.95,-3.45,16.25,-7.7,
2026-04-17,41.65,-13.65,36.55,-36.05,16.8,-20,27.15,3.05,8.4,23.9,7.65,8.35,7,6.6,-0.6,-20.9,-12.55,7.4,3.4,-7.75,-3,-8.75,11.6,5.95,12.65,-3.6,1.05,11.2,1.9,4.9,-13.15,33.15,-44.6,-10.3,25.2,-0.4,0.35,1.2,-4.55,-18.6,0.05,2.75,5.05,-7.35,1.15,2.8,15.8,0.2,-12.35,2.95,15.8,6.8,4.85,1.65,4.7,-2.15,-0.95,-1.05,9.75,-5.7,9.25,7.75,-15.95,6.8,10.75,15,8.55,2.05,0.75,0.55,2.9,3.65,8.1,6.4,-0.9,
2026-04-20,-51.95,55.6,-10,-25.25,-16.95,-40.1,-5.3,41.05,-5.65,24.9,30.35,-8.45,9.9,13.55,9.05,17.65,5.35,5.45,-9.1,-5.95,4.6,2.05,-26.45,1.4,17.25,29,9.3,-12,6,5.25,5.05,-1.6,-1.85,-3.35,-10.65,-16.4,-1.45,15,15.9,5.25,1.6,-5.15,10.4,1.05,-12.45,-22.6,-15.85,-7.6,0.8,-23.05,0.8,3.65,-20.15,21.3,-15.15,9.95,4.05,-2.65,-12.6,13.7,0,21.25,15.6,-8.3,-19.8,-2.5,0.45,4.65,1.15,0.2,-20.25,-5.65,-57.1,-4.85,10.85,
2026-04-21,94.35,-3.1,-15.6,11.75,8.95,-4.05,35.45,-2.75,1.65,15.5,6.5,-9.45,-6.6,-7.25,-5.55,33.65,4.35,-3.05,-2.05,17.45,7.35,2.95,2.1,5.15,-4.05,-9.2,-1.75,-19.6,7.2,3.7,2.45,-3.15,4.85,8.6,3,15.75,3.45,-1.6,-10.45,0.3,6.95,-2.85,-13.25,0.8,-2.5,-11.5,3.1,9.25,-0.55,-2.1,12.65,15.85,-13.5,-19.25,5.8,10,5.6,-12.8,-9.05,5.3,15.9,21.45,-4.8,-12.7,-10.35,-15.5,11.5,10.6,6.9,-8.75,15.85,1.6,6.35,-3.95,2.4,
2026-04-22,8.45,-14.05,-24.95,12.7,-13.25,-13.55,-7.85,-8.8,-27.9,0.35,-0.2,-8.5,2.5,-9.35,8.7,8.3,20.75,14.85,7.9,20,-3.3,-0.85,-14.3,3.8,10.2,8.15,-10.45,5.85,-11.05,-13.55,-11.05,9,12.15,7.15,-11.35,-4.95,-9,-4.45,4.35,8.6,-7.6,6.85,-11.8,12.75,11.55,-1.8,1.35,-1.05,-17.1,-20.2,21.7,7.05,-1.6,12,0.85,-8.6,24.8,-29.45,1.45,-8.05,-13.1,6.8,-3.95,6.45,4.3,-4.65,1.7,7.2,4.6,-38.05,-6.5,3.8,-3.6,-9.6,-1.05,
2026-04-23,-1,8.2,19.55,-16.75,-1.35,28.2,26.95,11.75,3.75,18.3,-20.65,-11.3,10.2,-18.15,-9,-19.15,-18.7,-7.8,-15.65,3,3.5,7.15,-11.05,-22.7,-2,-2.1,5.8,-5.9,0.75,-17.85,13.3,20.05,-8.35,-8.6,9.05,12.8,-7.4,5.7,-43.85,-4.05,12.7,8.05,-7.45,7.05,10,-5.6,4.8,-0.1,25.9,29.3,-1.25,-23,-33.4,-3.05,1.8,16.2,7.7,-7.65,-15.6,-10.65,-5.55,-1.75,-13.9,-15.8,-0.8,-13.8,15.4,0.1,1.2,10.2,-5.25,-26.4,-1.6,2.4,-6.1,
2026-04-24,23.65,-30.05,-33.2,-40.4,-14.85,-17.75,-1.3,-25.05,-2.4,35.5,-4.25,6.2,-20.95,-28,13.75,9.2,-8.65,-22.15,-13.2,21.2,-17.95,-1.15,-3.45,-5.05,5.15,9.65,2.7,9.3,-2.8,-8.35,-19.4,-7.4,-0.8,9,12.35,12.9,0.25,-32.9,-15.9,24.55,-4,-19.4,16.2,8.6,-0.95,-27.45,-1.45,-8.1,3.75,-2.95,11.1,-22.85,-13.35,-10.2,19.1,6.7,-7.7,-8.85,-1.15,1.85,20.05,2.4,25.4,19.1,8.3,9.2,-4.55,-4.6,4.6,-49.45,22.15,2.25,21.4,-4.25,-6.25,
2026-04-27,74.9,26.2,-2.45,-36.2,-1.7,38.55,38.25,17.55,-0.1,-18.55,2,-17.65,33.55,-30.2,-9,-34.9,-5.25,27.2,26,12.4,-7.65,-8.35,-32.3,26.65,16.15,-13.15,-26.45,-17.5,-22.55,8.65,23.8,-4.25,17.9,-5.95,4.7,5.95,4.9,-0.5,15.4,18.3,3.5,-2.2,-2.05,1.55,-1.75,10.6,8.45,9.75,4.45,7.95,-1.9,1.2,3.2,4.7,-5.05,6.95,-0.95,0.95,-3.3,12.35,-2.45,-8.7,1.55,-26.4,13.65,13.5,-2.3,20.55,-3.65,-18.65,-5.25,1.25,-15.35,8.8,20,
2026-04-28,43.95,-8.05,28.55,-10.25,-5.1,25.1,-10,1.65,30.6,0.85,5.05,-12.85,9,12.1,-4,-16.2,-13,-5.1,14.7,10.3,4.3,-8.5,-17.2,2.1,-21.15,-17.35,-54.15,1.4,21.4,3.1,-0.5,-11.95,-19.3,-18.6,-3.6,14.65,-10.85,-21.15,-3.4,-7.65,1.75,20.5,0.65,-10.55,-15.7,10.3,12.1,-13.15,15.25,6.15,-23.05,-22.15,-7.1,9.35,-14.25,20.9,-0.5,-7.4,2.6,-25.75,10.15,10.6,-8,9.9,13.3,7.35,5.05,5.6,-6.5,-37.7,-23.15,-7.95,-4.3,11.8,34.05,
2026-04-29,-6.1,-13.1,31.9,-18.1,11.9,34.4,22.15,8.05,-3,26.7,9.05,21.1,7.9,24.35,19.5,-7.2,-16.3,-3.65,3.25,12.45,0.5,-11.2,15.15,-5.85,-13.8,-0.15,-14.85,12.05,-2.2,-6.35,-6.25,1.45,4.5,-5.15,8.55,8.55,6.45,7.6,-4.35,15.35,2.7,-8.7,-1.85,-2.25,-5.55,-1.55,2.65,-2.7,1.15,-12.6,-6.3,5.85,-29.35,-13.75,-7.6,1.1,-16.45,-53.75,1.7,6.15,-26.3,23.8,-29.65,19.3,-4.2,22.75,-24.7,-1.9,-22.7,2.15,2.75,-22.85,-11.9,3.5,5.95,
2026-04-30,-51.7,-45,-23.2,44.65,-8.6,29.3,-17.75,-15.1,-23.7,-30.4,-6.6,-12.85,9.75,-16.9,6.25,7.85,16.25,-8.15,-23.9,-7.4,4.6,-1.2,11.25,-25.7,7.75,0.5,24.4,6.95,7.95,-10.85,11.75,-11.55,7.95,1.05,25.85,31.3,-16.9,30.55,0.65,3.05,-9.65,9.3,14.15,6.25,5.8,-8,13.8,9.85,-8.75,29.05,3.65,3.3,2.4,51.35,10.15,-5.15,21.45,-16.7,6.05,-19.85,-24.5,15.7,-4.7,28.45,28,12.35,-38,-12.5,25.6,-50.3,-30.95,18.2,12,8.35,32.55,
2026-05-04,113.5,0.75,32.7,13.9,31.8,14.6,-9.9,-38,12.05,-23.3,-0.4,-49.35,-0.6,-21.2,42.75,-10.8,26.7,5.5,13.05,-11.6,-32.8,14.35,3.35,20.2,2.35,3,4,-6.3,5.3,-9.5,10.25,-16.05,-3.85,-9.35,-12.85,-83,26.75,-8.6,-3.3,-24.7,16.75,-25.6,-8.1,14.2,-4.9,-2.45,12.35,-4.7,-7.6,-30.1,-46.9,-3.55,20.15,48.15,7.95,-9,-14.2,-5.95,4.3,28.65,34,-12.2,-3.3,-11.6,0.7,-15.3,-18.45,18.35,-8.8,7,16.65,4.45,0.4,-15.75,6.95,
2026-05-05,11.6,-35.5,-35.85,52.15,-19.9,-8.25,22.5,11.35,-4.15,-30.1,-16.85,-11.05,0.85,-8.25,-24.1,-10.85,-0.05,-3.25,9.75,-17.3,-3.75,26.75,-22.4,11.55,-2.75,-2.3,3.15,15.55,-10.3,-24.2,-11,-11.1,-1.5,11.4,19.3,27.45,8.8,12.65,-24.6,11.5,7.45,-9.65,25.55,5.55,28.3,7.2,46.85,2.45,-26.95,-0.3,0.2,-16.75,11.85,13.35,-5.35,-15.3,7.55,-6.7,-12.4,0.8,19.95,-1.9,22.2,-23.15,-0.2,7.55,-17.25,-3.45,-9.55,1.3,15.95,8.45,6.45,-9.75,10.15,
2026-05-06,4.8,6,-14.55,-11.85,-9.75,-16.05,-2.95,14.55,-12.45,-30.45,-3.45,30.2,0.5,4.8,-5.1,-6.7,-2.2,19.15,-12.95,-33.55,0.05,-21.45,22.75,-9.6,-2.1,4.4,23.5,-4.25,-29.7,20,10.95,1.05,-11.2,-6.3,-6.65,-1.9,-7.5,-28.65,11.1,-4.25,-13.55,-13.75,-3.7,-5.95,12.1,-20.55,37.95,1.95,23.55,17.3,-3.6,9.75,16.65,-1.55,3.5,8.8,-5.1,2.7,1.05,25.35,7.1,110.1,59.6,-7.95,-6.35,33.95,14.65,-16.75,14.85,-6.85,-27.2,4.8,8.9,-2.1,8.6,
2026-05-07,-80.25,17.35,-0.75,21.9,-2,42.55,-44.65,-17.45,5.6,27.25,-42.45,-5.65,24.4,3.75,7.1,5.8,-2.65,8.7,-12.05,-8.35,-10.55,-8.15,-12.35,-2.45,0.2,-9.2,-2.9,16.45,-9.7,-26.3,17.85,15.5,19.4,15.3,4.95,1.45,3.45,10.9,-22.5,-10.3,91.55,26.35,-20.05,-32.95,-20.85,14.75,-5.65,-6.15,-37.95,-5.75,8.3,4.25,-23.85,14.45,7.95,8.9,3.75,-14.55,19.75,-10.5,-18.6,20.3,12.65,-8.55,-14.15,-12.15,-9.3,18.2,3.65,-15.25,-19.35,-14.75,25.4,-10.15,16.7,
2026-05-08,-14.35,-3.4,27.75,-37.15,-17.9,-24.25,-0.5,12.2,15.1,-4.9,0.3,14.3,-7,22.75,5.55,-6.55,-1.9,0.2,-11.25,-17.4,-11.6,27.45,-1.45,6.65,-22.3,-9.3,-7.6,7.6,-3.1,-7.7,-0.75,3.45,0.7,-5.1,-23.05,4.7,3.4,-4.25,9.05,-17.65,-7.1,-8.85,4.45,-0.4,-9.55,-6.85,15.95,-9.25,-6.6,2.45,26.75,-12.25,-13.9,-3.4,0.3,-1.35,-37.75,6.45,29.5,-33.25,-0.15,-0.25,19.25,24.45,22.3,11.15,-1.35,-3.05,-19.1,-44.8,8.6,0.5,-5,-3.35,9.25,
2026-05-11,-51.35,18.4,16.45,-21.5,-48.8,-15.7,18.85,7.4,-19.45,18.55,6.25,-6.2,-43.5,20.85,-2,1.6,-7.15,-2.55,0.45,29.7,-3.15,9.2,7.45,11.7,3.3,7.55,1.5,-3.6,11,13.35,-28.3,15.65,-6.8,-7.55,15.55,-3.9,2.8,4.3,-13.15,-4.6,-11.6,36.55,-8.8,-2.65,7.3,-26.7,20.6,10.6,-14.95,14.15,-4.3,4.6,1.5,13.4,13.25,15.1,-27.85,-3.25,-4.4,-12.85,-5.5,2.15,-9.7,21.05,-26.8,-9.6,-26.7,4.2,-18.15,-47.85,-13,-11.95,-2.4,5.55,9.85,
2026-05-12,14.3,-53.6,-47.15,-4.9,-8.5,14.3,-2.55,-0.15,-12.7,3.2,5.65,15,16.2,-38.95,-18.55,-5.9,-3.9,20.95,-24.8,1.5,8.85,-24.5,0.1,-1.6,18.45,-18.95,-2.05,7.75,0.6,3.55,-9.25,3.9,-4.3,-12.15,-29.15,-2.15,13.4,-7.25,-10.3,-35.5,-7.2,8.8,-0.4,-13.95,9.35,5.45,-20.85,24.85,4.75,-16.45,2.7,-3,-16.45,-8.7,3.35,-19.2,-8.55,-11.3,-19.05,-8.75,1.4,25.75,-18.7,-31,23.75,-0.35,-1.1,-31.2,-14.1,-31.6,-29.7,-9.15,30.55,3,39.3,
2026-05-13,42.95,32.45,-71.35,-29.75,-60.8,33,-10.15,68.55,5.2,21.3,14.8,-4.45,32.85,25.05,-8.5,23.65,-46.4,34.15,-18.45,-4.9,-66.35,28.15,-1,3.65,5.6,0.35,-10.45,7.1,62.75,30,-16.45,-7.45,-7.05,21.2,11.4,15.9,-14,-8.65,2.8,-10.55,-13.8,-11.1,14.9,57.65,52,-18.75,-26.2,7,-32.9,3.15,-11.75,41.5,2.7,-12.55,-10.3,-2.75,-8.3,-9.7,23.15,3.9,-33.05,28.2,-18.15,7.1,2.75,-32.2,14.65,2.4,-4.75,-58.45,5.15,2.35,-12.7,-14.3,31.35,
2026-05-14,19.8,19.55,11.6,-17.05,-41,-28.95,-6.35,-22.6,-8.75,16.45,1.15,11.95,16.9,-20.8,10.45,11.4,9.2,-33.3,-58.4,34,-42.85,2.35,-3.85,25.7,43.1,39.3,21.7,36.15,22.75,39.45,10.55,-9.6,9.15,-34.95,-2.8,15.45,13.7,13.65,-5.25,-12.5,-5.05,22.25,7.2,-26.8,2.85,48.25,-16.7,-9.85,5.9,-11.4,3.25,19.75,-2.05,12,-12.9,5.35,1.4,-0.8,4.35,-15.05,-21.55,12.85,13.85,2.75,-22.95,-9.65,-35.15,6.9,7.3,-5.45,-34.75,10,3.95,9.35,18,
2026-05-15,-12.3,46,22.95,-37.7,22,31.45,-6.9,28,-5.05,-0.75,-30.95,12.75,-3.9,24,7.55,-12.7,-9.1,10.95,10.1,3.05,-0.95,-46.9,-39.2,0.5,-0.8,-16.4,-14.65,5.45,9.4,-5.5,4.65,-4.8,4.65,28.15,1.1,-5.1,-10.95,-14.75,-4.95,15.65,7.85,23.7,14.95,-1.5,2.35,-9.15,-0.25,5.5,4.9,-9.85,-0.9,-14.5,-22,-0.8,-27.8,17.2,-14.9,-18,19.4,8.8,-4.2,-10.45,-11.4,-1.9,-3.05,-2.35,-64.65,-7.35,27.3,30.35,-27.4,-3.1,-6.45,-5.8,25.9,
2026-05-18,-81.7,2,-29.3,15.05,-29.5,12.55,-28.35,-17.55,15.8,20.25,-10.2,11.65,22.6,-3.1,-2.35,33.9,14.95,-13.1,-9.15,35.55,21.55,-9.65,21.25,-7,23.85,21.9,-20.6,33.15,31.4,-26.45,-21.85,-12.85,-25.4,3.15,14.8,32.3,-3.45,14.75,17.45,40.45,11.3,-19.5,-6.25,10.05,47.4,9.2,-35.55,5.25,4.85,7.2,-9.05,3.15,-15.1,15.4,2.4,17.8,-1.6,0.05,-27.1,10.45,-12.75,-21.35,23.6,-16.1,-10.7,16.35,-17.6,6.05,-1.15,71.7,-24.75,-3.45,-7.35,30.35,-12.55,
2026-05-19,59.5,12.5,7.85,-75.6,21.45,41.85,-37.05,-21,-18.65,20.25,22.95,29.55,-28.05,12.7,10.3,-8.05,7.2,10.75,-7.85,-16.25,29.65,-20.55,-8.8,-25.5,-12.55,4.5,13.5,-9.95,3.45,24.8,2.2,4.35,-6.3,-14.2,-1.35,0.85,0,-12.7,17.65,-17.75,3.6,-3.6,-11.05,-1.2,-5.5,-11.9,10.35,-16.45,19.3,2.75,-8.9,4.2,-22.65,-13.5,7.2,-6.1,-11.5,23.55,-11.35,10.85,-1.85,-7.1,-8.2,-3.25,-19.1,-24.85,-4.4,-6.2,6.65,-23.05,-4.95,-1.55,-15.5,-11.2,9.35,
2026-05-20,2.65,-2.75,18.55,42.3,11.55,-10.55,-1,5.3,15.4,-37.9,-4.2,0.1,-0.3,-20.85,41.95,40.5,0.1,-29.4,-26.5,39.5,0.3,17.7,11.45,-12.75,3.2,16.65,17.45,-5.45,13.95,-4.55,30.25,-8.4,-18.7,-16.75,-12.6,0,3.55,18.7,-14.55,1.95,9.5,2.4,-1.5,3.85,6.6,-10.25,-1.3,-1.05,-16.2,-2.1,-16.4,29.55,6.95,-8.6,0.9,7.75,23.25,2.15,31,-10.3,-4.85,27.4,-8.8,-4.55,7.6,9,6.3,0.95,-5.8,-36.6,28.6,-5.15,-8.55,-1.65,3.5,
2026-05-21,-61.6,7.05,-18.7,-21.85,28.55,23.65,-8.35,19.65,-39.9,12.3,-19.35,0.9,8.3,-7.1,8.25,-19.5,-26.1,26.8,-16.8,-1.7,-27.15,-12.75,2.2,-21.85,-19.55,34.25,27.1,-9.15,-6.35,-1.25,-8.1,2.6,-10.65,14.35,2.15,-30.7,2.45,-18.15,-28.75,6.2,-37,8,-10.35,10.45,-17.15,-5.2,17.9,2.9,2.15,-6.35,-6.2,14.95,15,17.85,-16.6,-14.4,21.75,-25.35,-5.95,9.6,-0.55,20.95,-18.75,10,2,8.15,7.2,7.45,-7.25,-9.35,-15.5,-15.7,-2.95,8.6,4.15,
2026-05-22,22.3,60,-14.65,23.75,-7.8,-2.55,-12.5,33.15,5.3,-11.3,19,6.55,-27.55,2.15,-4,16.8,-5.25,18.95,-9.1,1.3,-5.7,-3.6,-4.4,-3.1,-5.85,18,-26.2,-0.7,16.8,34.05,1.55,-6.6,0,-9.95,-3.8,7.9,-4.05,-19.05,-1.3,0.2,3.6,13.1,20.05,16.85,-4,-0.3,-9.1,-0.45,-7.2,-3.35,1.35,7.1,-7.1,-7.95,2.7,-8.25,-4.65,-30.45,15.65,-0.05,-16.85,-3.25,-20.55,5.85,-21.2,-14.25,16.55,-5.5,4.3,-13.7,-2.2,9.8,7.65,15,7.1,
2026-05-25,27.35,9.55,2.1,-22.8,-21.6,4.3,-13.6,-1.45,-1.2,4.5,7.35,-2.3,16.75,-5.85,-8.75,12.45,10.5,0.65,-1.75,0.35,-11.5,3.3,-3.95,7.2,-9.7,-1.05,-3.8,-16.05,19.65,-0.75,-1.5,4.85,-3.3,-18.35,-8.7,-0.6,2.15,-7.15,-6.9,2.55,-1,-2.25,-18.2,8.7,1.7,16.2,5.45,-2.55,3.5,-1.8,1.1,1.5,-9.5,-17.6,5.7,-1.15,-8.3,9.75,-15.1,-6.15,-1.95,4.8,10.85,8.15,6.7,10.45,9.6,8.65,4.85,-3.2,-7.25,8.9,-10.3,7.25,18.1,
2026-05-26,8.45,9.05,13.15,-4.2,39.1,-6.9,-10.65,-15.9,-5.45,19,-0.95,14.9,-10.1,18.9,-0.6,8.3,6.35,-11.7,-3.8,8.1,-5.6,5.05,-0.4,-5.5,-1.05,-17.4,-5.9,2.4,22.5,-7,-4.4,-2.65,-16,-3.2,-8.15,-6.85,11.6,-4.85,-7.15,0.9,-0.05,-12.5,-12.4,-0.2,1.55,-27.4,1.15,1.15,7.2,-5.35,12.75,-5,-7.45,-16.05,4.25,-11.8,-12.6,-20.25,9.4,-2.25,0.2,9.5,-11.85,1.2,-19.25,-6.5,-1.9,-6.45,24.1,-3.75,21.05,-16.95,3.35,6.3,16.45,
2026-05-27,45.65,5.15,-30,-16.8,1.35,22.35,-19.2,-7.9,-11.05,37.5,21.75,9.25,8.65,0.55,9.1,-6.75,-5.2,-19.8,4.5,23.75,-1.05,-13.85,10.75,-4.6,10.3,1.05,1.4,-4.2,-21.25,3.3,-7,-8.9,-5.95,-6.15,1.05,-6.8,14.9,-5.05,-24.9,9.4,14.85,6.3,-5.25,-18.4,-6.9,8.9,-11.05,-5.05,-9.9,10.85,-6.25,8.95,9.95,-19.3,3.2,18.1,0.95,5.95,-3.4,-17.8,6.65,19.1,-30.15,-13.65,7.75,-5.9,4.4,2.3,14.6,-8.7,12.05,3.2,16.25,-3.85,4.4,
2026-05-29,61.15,-28.95,-38.9,5.9,24,-47.65,36.2,-7.15,3.6,21.75,15,3.2,-12.15,2.5,-25.3,7.75,-2.1,-14.55,-4.7,-12.6,18.65,6.05,-0.75,-11.05,6.7,-0.6,-13.3,-12.4,9.45,-0.15,7.4,15.25,-17.2,-19.8,-2.9,-31.15,3.05,10.55,5.4,-10.6,10.7,-6.35,1.35,-12.15,0.2,-18.8,-19.95,-29.2,11.05,-7.95,3,-2.6,-3.65,4.05,-19.05,-7.85,11.3,-10.9,-3.3,-0.15,-7,13.35,10.95,33,-3.05,-3.15,-1.3,-9.15,-2.3,-203.9,-57.85,15.85,11.15,-49.2,118.5,
2026-06-01,-21.5,-34.5,-5,17.65,-0.95,-31.7,4.85,6.45,-23.15,-22.35,30.5,-16.1,5.95,-8.55,-9.3,-9.35,13.85,-4.05,32.5,23.45,-22.7,23.3,17.85,-3.25,2.5,-26,-21.15,-13.6,22.65,-17.3,4.6,1.35,-61.05,5.6,7.75,23.1,-0.6,-9,-1.15,-3,1.7,1.5,17.75,-4.1,-14.55,-16.55,-17.05,-16.7,14.3,-4.05,14.55,3.4,3.2,-4.4,-19.75,-9,3.45,-13.7,-17.85,-8.6,8.05,-29.5,2.6,0.5,25.2,-2.45,-13.3,-22.6,-7.6,17.7,11.85,-16.8,-12.55,-7.3,7.9,
2026-06-02,57.35,-4.05,0.6,2.4,12.9,6.9,-18.35,26.85,6.6,1.55,-22.95,-14.55,26.45,41.1,21.75,-27.35,7.6,2,-19.75,-28.25,-0.55,-1.75,-6.05,16.25,0,51.95,-20.75,-5.65,-41.15,6.3,4.85,-2.55,-16.25,4.2,15.15,-22.55,8.1,-1.3,-12.1,57.15,6.5,33.3,54.75,9.25,23.95,-6.2,4.95,17.05,-7.95,20,15.8,27.15,-22.1,-7.35,19.9,-2.95,-2.6,13.5,16.7,-4.85,-25.5,26.95,-24.95,10.65,-48.9,-26,12,3.75,-27.8,20.6,22.85,2.45,20.4,0.35,11.25,
2026-06-03,-116.65,4.35,-13.1,-45.05,22.05,-3.5,5.55,-31.15,7.65,28.1,-23.6,-15.85,24.8,-4.5,-15.55,-32,16.75,-6.15,13.65,0.8,-17.6,-8.1,-24.05,6.95,16.5,4.35,-9.8,4.75,-11.3,1.6,2.55,1.9,-27.85,-22.85,12.3,-4.3,3.65,2.7,47.35,53.55,33.95,-2.8,-24.7,-25.95,7.6,8,-6.35,11.35,4.85,28.15,5.9,-1.35,-8.6,-16.2,70.3,-17.2,-15.7,31.4,-12.2,3.6,17.75,26,-27.95,16.05,-2.05,14.15,-5.05,14.35,-9.3,-12.6,-42.15,4.8,6.25,-2.35,-3.95,
2026-06-04,63.45,-4.05,-4.8,-3.8,-10.05,33.55,32.85,7.45,14,13.5,12.65,-0.85,10.95,4.35,-23.7,-35,-2.5,24.95,9,1.3,3.5,-25.7,-12.7,16.15,-17,3.8,3.35,8.9,44.25,-2,-3.85,-37,15.95,12.05,13.75,-6.15,-8.7,-1.2,2.15,-33.4,5.5,-17,14.55,6.55,10.8,-3.9,-6.1,-71,19.65,3.45,7.5,2.55,7.55,-10.6,9.05,-4.3,2.3,41.15,14.05,-10.45,3,-4.25,6.25,8.9,18.5,-16.15,4.3,-30.45,8.6,-24.15,21.95,4.95,2.65,10.6,8.3,
2026-06-05,-22.8,-4.85,10.95,-1.1,3,14.75,-30.15,11.8,-13.55,25.5,22.35,-23,10.8,11.85,-19.25,-39.85,-67.85,-5,13.7,8.7,19.5,50.3,16.4,-25.8,-14.65,-16.55,7.2,4.6,-9.25,8.45,8.85,-19.95,-16.25,31.4,-3.75,13,-3.75,9.05,-8.1,-23.65,-12.6,-26.25,-1.3,-7.45,1.9,6.5,-26.55,-10.9,17.15,-29.7,-14.95,-0.25,7.55,-18.45,16.6,-4.95,19.25,-1.9,1.05,-13.05,-9.25,12.75,26.8,-6,-9.4,64.3,-25.05,10.1,-20.3,-2.7,1.9,2.45,6.2,-2,-1.35,
2026-06-08,49.85,2.65,18.85,28.25,-29.35,3.4,-25.35,37.5,25.35,-30.05,24.45,-14.35,11.55,-3.7,-10.7,40.25,-6.05,-16.2,10.3,-7.35,21.3,-7.75,-3.7,-7.35,-17.2,0.5,1.6,12.5,7.15,-1.7,7.85,-8.8,-1.75,1.45,-3.45,7.45,-0.35,12,-6.8,1.35,0.45,14.85,6.65,2.4,-4.4,-20.55,-7.8,-4.2,-1.3,-4.85,-1.55,-13.15,-0.55,-26.25,-1.6,-5.65,6.15,6.9,-17.3,-6.9,11.4,-13.45,-6.05,10.45,-2.15,21.15,-6.55,1.9,0.8,-65.65,14.2,1.2,-9.9,-20.95,-0.9,
2026-06-09,-23.9,4.6,-12.25,14.6,-26.25,-15.55,-11.7,28.2,-23.7,-20.5,3.2,-3.75,1.15,-11.5,4.25,-4.2,-6.1,12.9,-31.75,23.05,-0.55,1.05,-2.85,-4.95,10.05,-41.8,19.35,6.15,19.15,-6.2,24.05,0.15,6.95,3.8,-7.8,10.75,11.7,0.55,7.45,13.4,-1.1,-9.4,-4.45,-3.95,-16.05,12.5,-5.25,22.15,-4.2,-2.85,4.75,-3.2,14.65,2.65,-11.75,-13.3,-2.7,-1.7,21.4,-1.15,-1.3,-10.25,21.45,1.55,24.8,9.6,-9.8,26.3,8.25,-35,24,-18.3,-11.6,9.15,17.05,
2026-06-10,92.45,-0.05,13.4,10.45,-12.55,16.65,25.45,-7.5,-7.6,-14.9,0.35,-34.85,17.35,-12.05,-3.1,18.05,-3.85,12.4,6.55,9.45,17.35,-1.5,-0.7,-3.65,-13.35,17.55,18.45,-8.35,17.7,-0.5,-5.9,-3.6,6.55,-21.45,8.25,5.15,-4.9,-12.95,-2.35,-1.8,-1.05,-25.3,13.8,18,-0.65,36.45,-4.6,-7.25,-8.8,-23.85,24.95,-16.3,-3.35,-19.5,4.2,-12.4,3.45,6.65,-19.05,-21.95,10.55,3.25,-15,-6.45,-27.7,-20.05,-13.65,2.2,5.5,-20.65,-1.1,-35.35,7.5,-5.95,12.55,
2026-06-11,8.25,-0.95,2.55,-13.45,22.7,8.8,7.5,-2.65,-36.65,-9.05,43.8,-11.45,33.2,-6.25,19.75,-2.65,3.55,-4.25,-12.3,-21.25,-0.15,2.7,10.35,-11.9,18.1,13.8,16.95,-12,-3.4,27.1,9.6,6.15,8.2,2.4,-5.55,2,-0.3,-0.8,3.85,22.3,-24.4,-5.35,-22.8,5.15,24.55,-7.95,-21.95,-22.95,-7.3,-14.8,-0.3,0.75,-15.8,-12.6,3.85,1.5,-3.2,2.1,-25.15,6.15,-4.05,-10.4,31.95,-9.45,-16.45,-20.45,-8.5,-22.75,3.8,-32.05,-2.95,21.95,8.5,1.6,12,
2026-06-12,32.1,-23.7,-22.6,5.1,-13.25,-26.8,8.75,-22.6,-14.9,-6.15,4.15,-6.4,-18.3,27,-10.5,3.1,3.2,-5.85,-5.45,7.6,2.85,-5.85,0.3,21.8,-17.65,2.35,-9.1,7.8,1.7,3.8,9.95,-4.9,-4.55,-0.85,-17.05,-17.95,-3.25,18.4,-1.45,-15.25,-9.25,-22.2,-5.85,9.5,-2.8,4.55,2.6,1.25,6.25,-13.35,56.9,36.15,35,11.15,15.85,-5.5,17.6,9.5,-10.9,17.35,7.55,-2.6,12.65,-0.6,18.05,0.35,16.95,15.65,2.7,27.95,-16,0.6,8.15,-7.7,8.4,
2026-06-15,-38.65,8.6,-13.9,-0.35,-10.75,26.85,5.6,-13.25,-13.2,11.35,-12.65,-2.2,-4.35,5.7,11.85,7.7,0.55,3.75,9.5,5.9,4.75,-19.3,-3.9,-12.85,3.1,-7.55,13.35,-12.65,3.55,-10.35,3.15,5.4,-6.25,-11.75,-16.1,-3.95,-23.25,4.5,-19.45,10.3,0.15,5.85,-13.95,3.3,3.25,-10.25,15.35,2.45,-17.5,13.6,-6.25,0.35,-5.8,-8.8,1.25,-10.45,18.45,-12,-9.1,-0.65,9.4,9,-4.4,15.85,6.7,-10.15,-4.75,-23.85,-3.7,-31.15,-20.55,-5.1,15.3,-5.55,-0.55,
2026-06-16,9.15,-18.35,23.15,4.85,-9.1,-17.35,17.15,1.9,2.7,-35.3,-5.55,9.35,17.45,12.6,2.45,9.2,11.95,-2.2,14.15,-6.85,-2.8,-20.85,-3.5,-2.3,-10.35,14.45,-15.55,-0.05,-9.9,5.15,8.7,4,0.3,-9.1,2.85,-4.05,-12.55,4.6,22.9,-17.25,11.85,-8.5,6.35,-9.75,10.85,-6.75,9.2,8.05,-6.95,14.75,10,0.2,1.15,-3.9,7.25,-11,4.65,6.3,7.7,12.05,-1.65,-1.45,-6.85,9.9,5.65,-37.35,17.8,13.05,-7.7,-6.65,7.3,-3.1,-4.3,2.6,8.9,
2026-06-17,-65.15,5.3,31.05,9.35,17.75,9.95,0.25,-1.1,0.05,-21.85,13.45,-14.5,18.7,11.1,-13.65,7.9,1.7,5.6,-9.8,4.8,-4.25,-8.55,-5.85,11.25,5.5,-4,3.1,8.75,-25.25,7.7,-9.85,-6.65,-13.7,6.65,-4.6,-8.7,3.65,-12.2,0.7,-5.7,-5.45,7.6,0.7,-17.55,-0.55,7.65,-21.55,-7.8,13.55,7.55,-0.2,8.95,7.8,1.4,-4.4,-7.5,2.3,-0.65,-8.85,5.35,1.45,-10.1,-17.5,2.45,13.65,-3.4,-4.3,7.7,24.9,10.85,3.25,-7.5,3.8,-6.2,0.7,
2026-06-18,8.85,7.6,-4.45,-7.1,-2.4,20.45,14.7,6.6,-14.2,-10.8,9.3,-4,-12.8,-0.6,-7.65,0.2,-34.15,-3.6,-3.25,6.6,7.45,-10.95,-7.15,-15.05,-17.9,0.75,2.4,3.9,-8.95,8.15,-0.95,-2.65,7.55,15.45,5.05,-7.5,5.75,1.75,17.75,7.95,-12.5,-2.45,-1.35,8.05,-1.65,-4.35,1,-0.2,-13.05,-4.95,6.1,1.45,-4.15,-1.6,-5.85,-0.2,-9.7,-3.5,-11.1,1.8,-12.55,17.7,-20.9,4.4,-1.9,-0.65,-14.55,15.15,20.3,28.9,24.7,1.25,5.15,-1.6,-2.3,
2026-06-19,-10.4,-15.85,-8.2,-5.4,20.4,4.4,2.35,7.6,1.4,-13.7,18.15,18.55,-16.5,-10.75,-15.6,-6.6,7.85,0.85,-13.75,-11.9,-2.4,0.6,7.2,11.1,-3.5,-13,4.75,6.6,-5.6,-0.75,-9.85,-0.5,9.25,-2.2,-2.2,8.4,-5.3,9.15,5.05,-3.7,0.15,-13.95,2.45,-4.4,-11.95,-20.5,9.95,3.35,-9.25,-4.7,11.35,12.3,-3.95,8.15,13.6,-15.6,20.5,10.5,-5.9,20.55,5.15,-37.5,-3,13.45,7.3,-7.15,4.35,-47.8,-18.2,96.85,16.95,5.45,2.6,5.55,10.15,
2026-06-22,15.55,15.5,-6.5,2.55,-7.65,-15.45,-0.55,18.05,13.55,-7.65,21.6,-5.05,0.35,-3.5,5.35,-15.4,14.65,-0.5,-1.65,5.15,8.05,-3.8,2.95,-3.65,-4.6,0.2,9.25,0.55,-3.5,-9.8,-0.55,-12.05,5.95,-16.3,-1.35,-5.85,5.05,2.55,-5.7,3.1,-3.6,-0.75,0.8,1.1,3.35,-6.65,-3.8,0.2,9,-0.8,-3.55,1.4,-4.1,3.7,-0.6,6.05,0.7,0.8,-8.4,-0.75,4.65,2.05,14.6,-5.9,3.8,-2,5,-5.95,-3.7,-16.4,-14.45,0.7,-11.7,-9.2,1.55,
2026-06-23,5,9.9,1.25,11.85,21.45,-10.9,5.05,4.05,5,-6.35,0.6,-3.65,1.45,-6.9,-7.9,-2.6,1.7,-8.7,-7.1,-2.35,-5.1,2.95,4.7,11.55,13.05,-4.2,-9.5,-12.5,-4.45,-16.3,-60.65,-7.75,-33.4,-12.25,-4.75,-2.35,-0.8,-44,25.25,-12.75,16.3,-5.8,-21.6,1.35,-0.6,-12.15,15.35,-13.55,-0.65,-1.4,-16.1,-38.4,6.85,13.5,-1.25,-17.65,-7.45,24.05,-5.6,20.65,-15.1,20.15,-3.25,-2.45,-3.95,15.45,-6.6,-0.6,-8.4,-82.9,11,-16.35,-20.55,-12.45,-1,
2026-06-24,52.65,14.6,14.2,-9.55,9.1,-11.35,-47.5,8.05,15.55,52.25,15.6,7.9,-2,30,2.25,2.3,-6.35,-12.35,14.1,-3.75,8.65,11.7,24.35,-1.35,-16.05,5.55,-1,0.25,6.1,23.35,0,-5,-4.9,9.55,-19.5,-7.7,15.6,7.8,-10.15,-18,0.85,10.75,-7.75,10.05,8.65,-9,21.85,11,16.3,-6.8,12.7,19.45,-2.4,0.9,-0.9,-5.15,-10.8,-13.5,0.35,13.35,1.35,-3.75,0.05,-5.45,-9.25,12.9,-6.7,13.75,-9.85,-15.65,-7.75,-20.25,4.5,8.35,-4.85,
2026-06-25,4,24.45,-7.8,-6.35,1.45,-4.7,24.15,5.25,3.7,-1.3,-12.15,16.6,-6.4,-11.35,0.9,-0.75,-5.65,10.35,15.1,-19.25,16,-17.9,6.4,6.55,-1.6,-5.3,-1.15,-0.25,4.15,0.15,7.1,3.05,27.3,8.45,1.65,-7.45,-0.3,-19.55,-25.75,-13.75,16.75,-16.8,0.1,5.2,-2.5,5.65,-9.3,-21.9,24.35,-8.15,-9.15,10.15,6.7,-1.6,0.15,-13.35,-11,3.05,-13.2,-33.85,-19.6,-8.25,-3.7,-4.15,-6.15,-31.35,-0.9,29.55,-13.5,-30.1,-0.5,-5.8,1.35,-12.55,3.3,
2026-06-29,22.3,-6.15,-16.6,-48.6,41.4,33.45,-10,-11.6,1.85,-23.15,14.6,-8.5,2,39.25,7,-7.4,-6.9,10.95,-32.85,-27.1,8.7,17.9,-7.5,-5.65,6.1,-16.3,-4.5,-34.4,11.35,-10.8,-5.75,-24.45,6.7,-3.8,3.2,-21.5,-21.75,4.3,-13.5,-25.05,-10.9,10.35,0.55,5.5,11.2,-2.75,17.75,-16.35,-11.7,-0.45,13.35,-11.25,3.7,-19.25,-1.9,10.05,-1.65,5,0.65,4.1,3.5,-17.1,2.35,13,-15.95,14.2,0.65,-20.55,-14.35,10.95,9.1,-6.3,5.5,1.45,27,
2026-06-30,-89.85,-39.85,-4.3,-23.4,2.4,-4.2,-13.85,8.85,17.1,33.85,-41.35,15.75,1.35,2.9,-0.7,7.7,-5.05,-4.25,24.8,-8,-28.1,4,9.9,45.5,-3.9,63.45,-20.15,-30.3,-0.3,-12.35,-2.25,10.85,5.65,-11.15,-6.2,-1.8,0.2,12.15,-4,-12.5,23.45,5.95,-2.45,-1.3,6.05,-6.8,-12.25,1.05,-5.45,-7.9,16.2,3.1,0.7,8.75,-6.15,-9,-1.5,-40.85,8.05,-10.95,-5.25,67.7,-4.85,-2.35,-1.85,4.25,-4.9,-4.4,-31.05,-61.05,9.2,13.85,16.4,4.6,33.6,
2026-07-01,20.35,-4.8,10.55,-0.4,20.95,5.4,6.2,13.85,19.15,-13.1,14.8,4.9,18.85,3.8,-11.8,-9.85,-9.15,-21.45,21.1,6.25,-3.5,6.9,10.85,26.6,2.05,-13.9,1.45,-14.9,5.05,14.65,7.55,-14.75,23.4,-2.8,22.15,-20.35,4.8,6.45,-35.95,31.8,9.45,-13.55,1.15,-3.95,2.55,-11.6,5,13.2,3.5,-11.55,-4.8,4.45,23.95,-10.2,-3.15,-3.8,-1.4,7.25,10.15,1,-5.5,7.95,-9,-10.9,-17.5,21.85,-9.35,12,11.75,-18.15,-15,4.9,-7,0.7,-12.05,
2026-07-02,32.05,29.45,-11.85,14.8,23.8,0.15,-0.85,-11.3,-6.1,-12.3,-17.2,-23.4,13.6,11.15,7.6,-11.8,21.35,-2.45,-1.65,-0.65,5.5,-3,-9.2,4.55,-2.15,0.1,-14.45,-2.4,-10.65,9.8,2.45,8.85,5,2.65,4.6,5.75,11,0.35,7.55,-9.7,9.7,-11.3,7.35,-4.65,-4.6,14.15,8.25,1.4,8.8,-2.7,-8.15,4.75,-5.8,-5,-2.9,2.7,-2.25,5.75,-4.55,-0.3,0.55,13.65,-6.8,9.2,22.45,3.1,6.55,-0.8,7.65,-19.2,5.6,-4,-20.9,11.2,-0.4,
2026-07-03,-73.05,32.15,11.8,6.65,1.65,-25,-8.6,5.55,-4,-20.15,22.3,-7.9,-5.35,13.65,4.45,-2.4,-6.3,-1.6,5,-1.6,-6.45,4.45,-16.35,-11.35,5.45,-6.95,1.4,-2,6.55,0.65,-0.8,7.85,4.45,0.7,6.6,5.35,-3.05,-7.95,0.65,-10.45,-2.85,-5,7.35,0.35,-2.35,-18.15,-19.3,4.05,-10.15,-6.05,-6.35,-14.55,-3.35,-1.85,3.3,2.95,-11.3,-6.25,10.2,-5.55,-11.5,-6.4,-5.75,11.3,-2.05,-8.2,6.3,-18.35,-6.75,15.8,4.6,-8.15,-5.35,-5.55,4.15,
2026-07-06,47.5,-11.6,5.7,16.2,2.25,-5.05,12.7,-1.4,1,-2.5,-0.55,-13.5,19.85,7.85,7.3,-4.2,-10.5,8.05,12.1,-3.95,9.85,-7.05,-4.45,1.4,-10.5,15.9,-5.85,-1.05,-0.7,-1.2,3.65,-4.3,10.3,2.9,3.25,12.75,-0.65,-0.1,1,9.95,-10.3,4.45,-7.1,-6.75,9.1,3.55,6.5,0.85,-9.85,2,0.1,-3.95,11.8,-14.6,-6.8,-14.7,-8.15,7.05,-9.3,-7.4,0.3,8.55,-4.65,3.65,0.8,-13.6,-12.95,25.55,-5.65,22.55,12.1,-3.25,-5.1,4.75,-12.95,
2026-07-07,-3.8,-2.15,-2.15,-29.75,11.65,19.4,6.65,-1.8,11.6,4.1,10.6,-5.65,11.5,-0.7,-3.35,0.15,-5.55,-14.95,18.2,-8.4,1.25,12.95,10.15,8.2,-6.05,4.7,9.85,-4.35,1.35,-5.75,-4.35,14.65,3.7,-3.95,-2.2,-14.45,-18,7,-1.35,-18.95,-9.1,8.15,-4.6,-5.5,5.65,-7.05,-11.35,-12.5,-11.45,1.25,16.85,-11.5,-4.55,11.7,-3.4,1.1,17.55,1.55,10.7,-2.3,-5.05,-8.25,4.8,5.1,6.55,-0.3,0.45,-1.8,-8.5,-29.5,-21.45,-7.85,-9.5,-20.35,-13.5,
2026-07-08,24.9,-39.5,-7.3,-19.55,-4.3,8.5,21.45,0.6,-0.7,-9.55,-0.15,-2.45,14.6,-25.65,20.7,8.15,28.4,-4.4,-4.05,-4.85,19.65,-5.8,0.65,-0.4,-8.15,2.7,-2.75,-16.7,-3,-8.1,-8.4,0.55,-5.9,-14.7,-8.45,-6.6,6.45,-25.7,-1.1,-12.2,-4.3,12.8,-1.55,13.4,-4.85,8.1,-7.75,-3,6.5,0.2,-11.9,-8.75,4.55,-9.9,-85.9,-56.5,-54.95,-35.65,-52.1,-28.9,13.45,-7.25,-32,7,-24.9,2.95,-23.9,-21.8,6.75,27.7,5.95,20.55,20.8,-1.65,-4.65,
2026-07-09,64.45,31.5,-0.45,15.15,13,-3.8,-3.9,4.25,-5.8,7.6,13.9,-21.05,-11,21.15,-12.35,-2.75,-0.9,39.55,-62.5,17.25,-18.35,4.45,-8.75,3.9,12.8,11.05,41.85,-17.4,-8.75,3.55,-9.4,-2.45,0.05,26.35,-7.85,-5.8,-5.45,7.85,-2.6,-19.8,-7.1,-15.05,11.95,13.8,-12.3,7.05,0.65,3.35,0.45,-16.1,-1.2,25.4,14.15,-4.25,-3.5,-11.45,-4.6,-4.15,-8.65,9.8,-8,10.9,6.95,9.8,-24.55,-17.55,-8.2,14.3,6.6,-69.15,-11.5,-13.15,17.75,13.6,13.3,
2026-07-10,38,8.9,-7.8,17.4,4,2,11.85,-7.75,14.55,-9.5,1.25,-0.55,-1.1,-6.35,-6.2,-11.15,0.45,13.75,-8.05,-0.6,-7.2,-4.3,-14.95,-4.7,-8.35,1.2,-18.65,6.2,-6.75,-0.25,10.5,-19.05,11.35,7.55,-5.1,-11.9,-1.6,7.6,15.4,-6.5,-1.5,4.25,-2.6,-0.35,-8.55,12.8,-16.5,2.95,-14.3,-9.85,10.85,8.05,9.7,-0.25,-5.5,1.15,-3.2,-2.05,-15.7,7.7,2.1,12.15,10.35,-8.65,5.8,-4.75,9.6,-19.95,-4.6,-1.05,11.45,-3.25,-4.45,5.35,2.6,
2026-07-13,-11.95,-3.2,2.75,0.85,39.6,6.3,31.3,8.05,4.7,-10.95,-3.35,5.05,0.25,5.1,26.45,8.6,-20.9,7.6,-5.5,-14.9,9.3,7.75,4.45,3.05,-9.7,8.1,-8.2,10.9,-12.15,-5.15,14.2,-3.05,-3.1,13.85,2.85,25.5,8.95,-7.4,-2.15,17.5,10.5,4.15,2.55,21.95,-15,-12.2,8.45,3.85,-6.9,-13.65,-29.75,15.3,14.9,-7.25,10.2,-7.75,5.8,3.95,2.15,11.9,8.3,5.7,0.55,5.05,-15.55,10.95,10,13.1,-20.95,0.25,-11.65,-9.2,-9.05,6.3,8,
2026-07-14,41.75,35.2,-4.9,-6.2,-30.7,-6.05,-22.75,-16.45,10.15,7.2,6.25,-11,-38.95,14.2,21.4,13.5,-8.15,5.6,17.75,-6.05,5.95,1.1,4.05,8.5,-8.1,4.05,0.5,-13.35,-13.5,-13.35,2.35,-0.15,-8.8,4.15,-13.1,-5.1,-7.05,-7.1,-22.15,4.75,2.6,5.85,2.5,-1.15,-5.75,3.6,1.4,-8.45,3.45,1.7,3.25,-18.7,-28.95,2.8,14.1,-6.5,3.6,-0.15,-14.35,10.1,-7.85,-2.85,-11.15,9.15,-2.4,-6.7,-23.2,-2.2,7.95,18.7,2.45,-15.45,-10.8,-0.15,-7.95,
2026-07-15,61.5,42.95,4.75,3.3,-4.75,-1.65,-3.7,7.1,-14.1,2.3,7.35,6.55,10.9,2.85,-8.8,-2.3,-5.45,9.75,-4.95,-7.95,-10.7,7.7,2.75,-21.5,14,-4.85,20.1,8.5,-19.4,-17.65,0.55,2.9,4.65,0,2.6,6.35,-2.15,-5.25,-17.75,-1.75,-20.7,14.4,-12.15,-21.5,-72.05,15.85,-23.95,8.7,31.6,-12,2.15,-12,2.5,-2.65,6.55,-15.45,25.05,-0.5,12.1,-2.2,-3.7,-10.2,5.55,-2.75,29.45,-3.85,-17.25,-0.3,-15.3,6.55,-0.25,5.25,3,8.4,-12.15,
2026-07-16,14.95,-15.45,-15.55,-18.8,-3.9,30.4,-19,1.3,1.35,2.2,-5.6,-0.8,-2.6,2.85,-7.2,-7.95,-4.35,10.95,18.9,3.4,15.5,2.9,-5.85,-13,-10.95,1.95,-5.7,1.65,7.7,-13.05,-3,1.8,-2.55,-14.4,-1.45,-6.6,2.2,-1.55,20.55,-14.15,-5.95,-12.45,-1.2,-8.15,-2.65,0.25,-1.05,-7.65,-5.5,-3.2,-9.4,-16.85,-22.5,-18.6,4.95,12.75,20.15,-6.65,-2.65,1.55,8.35,-13.75,-5.95,6.1,0.4,-1.7,-7.3,2.3,12.9,-46.75,8.35,-3.65,-5.5,-5.9,22,
2026-07-17,60.25,3,16.7,-5.05,12.15,12.85,5.05,3.2,-12.45,-15.8,16.5,7.4,33,-18.25,24.65,1.75,-17.6,-8.6,-9.15,5.35,4.95,1.1,-16.95,-7.8,4.35,3.45,-3.7,8.7,4.05,10,-1.05,10.9,-1.8,-2.35,-1.05,1.95,-1.85,5.4,-4.85,2.8,-4.7,-1.2,16.5,-20.55,9.15,-3.65,-3.55,4.7,-8.4,-7.9,1.25,-2.1,3.5,-15.45,-14,-7.4,17.95,2.9,2.4,27.3,26.75,-11.15,-10.9,10.8,-1.1,19.65,5.15,-2.95,-9.3,10.2,11.75,-4.15,0.1,15.55,5.15,
2026-07-20,19.65,6.8,-21.8,-11.45,-19.25,8.85,-7.3,15.45,14.05,3.3,6.3,8.25,17.7,-14.55,16.55,-5.7,-1.4,-5.55,7.4,-2.8,4.85,-5.8,6.3,-15.05,1.2,-5.8,-1.3,-2.9,3.1,-13.4,-4.5,-13.1,9.75,-12.55,2.3,8.4,8.75,-15.75,-8.3,3.25,-9.6,-9.35,-13.9,22.3,21.9,-1.5,-5.7,44.85,-4.8,13.75,8.7,-6.75,3.75,-11.95,24.15,-11.4,14,7.75,-7.75,-2.85,3.7,-0.9,1,-11.9,-12.45,6.65,0.3,6.8,-12.95,-0.15,0.5,1.45,-0.9,3.9,-7.45,
2026-07-21,39.5,-19.6,9.85,-22.8,-2.8,10.25,-14.95,6.35,-3.2,-11.85,4.95,-14.65,-7.35,-16.5,5.1,-15.1,-11.9,9.75,-12.15,-9.45,14.25,4.75,-10.9,3.35,-2.4,-10.3,-4.25,9.9,-12.7,-12,1.8,-1.5,3.6,8.95,-7.5,-2.55,-2.95,-0.1,-2.55,7.55,-3.9,-8.1,-1.75,-5.3,-19.8,-11.05,8.4,-2.25,1.3,9.5,4.9,6.8,7.7,-1.55,-4.3,-8.2,-18.05,10.45,-9.5,-5.2,13.5,-2.2,-8.45,-2.45,-8.5,11.95,11.35,-5.65,0.35,-2.1,2.45,-0.05,2.45,4.15,5.5,
2026-07-22,-56.35,-1.25,-48.3,-26.75,-2.2,1.2,-13.9,4.9,-0.9,3.25,23.35,-18.65,-12.35,-20.9,3.65,-7.15,-9.4,-7.2,19.3,4.7,6.2,-9,2.95,-10.3,9.75,9.8,2,4.9,-6.9,2.7,-7.6,-11.3,-9.75,-14.15,-11.55,-4.9,-19,9.55,-9.25,-7.45,-11.15,17.3,18,2.15,-4.5,-18.2,2,-11.45,-0.55,-3.8,-1.4,12.75,1.4,-4.05,-14.85,-5.45,-4.2,-2.15,-0.75,-5.8,9.05,-5.25,-11.55,3.55,2.95,-9.15,3.1,4.85,-10.2,0.8,16.65,22.8,-5.4,-18.65,-9.05,
2026-07-23,10.55,36.6,-28.6,-4.85,-1.85,-8.4,9.6,5.7,19.35,18.9,3.05,-9.25,-1.75,-2.8,17.65,-7.5,7.3,5.5,4.8,-13.7,9.35,8.25,-1.15,-14.65,-11.7,-8.9,-9.8,6.35,-9.85,2.95,-3.15,-6.95,14.6,-8.8,12.35,-23.95,-0.55,-11.95,-14.2,-12.85,-12.85,-31.1,-5.05,2.15,-2.55,-10.6,-10.7,-1.55,-1.45,7.55,-1.85,-9,23.8,-4.4,11.65,-7.05,3.4,2.1,-10.25,-3.55,0.35,10.75,-6.4,28.4,-37.8,-16.75,-18.7,6.4,15.55,5.75,19.8,2.5,-6.95,13.5,-11.85,
2026-07-24,85.35,-19.6,-29.15,-14.8,-19.35,-13.1,-8.4,5,-8.7,-22.4,-6.15,-10.3,3.6,8.65,2.45,-7.3,23,3.55,8.7,-12.2,-9.35,6.35,-4.6,-5.15,27.95,19.05,-14.65,-2.8,9.15,18.75,16,5.6,-5.75,16.7,-0.8,-10.35,14.8,20.4,47.35,-17.3,4.35,21.7,6.1,-3.5,1.95,-22.7,-7,16,7.15,-1.15,-0.2,-24.9,1.1,-19.45,14.4,21.1,18.45,14.1,-16.5,-2.3,-7.6,-13.8,1.55,-10.2,5.7,-4.1,5.6,17.3,-14.55,-21.55,0.7,14.55,1.25,5.2,7.7,
2026-07-27,-16.1,15.65,9.6,-4.45,4.5,6.15,-0.25,-20.05,-1.1,-14.5,-7.8,20.05,-10.05,-13.95,2.4,-1.15,-25.35,31.05,-10.05,-1.2,15.65,-5.55,1.7,-11.3,18.4,3.75,10.35,0.45,-6.25,1.85,-11.85,3.45,1.45,-10.4,-4.95,1.9,0.2,-2.7,-5.55,1.6,-10.6,-0.85,-1.35,-4.8,2.6,6.85,-3.6,5.55,0.4,-2,-19.25,-17.75,17.75,-3.7,-0.6,5.3,5.55,11.05,6.5,-0.05,-7.4,5.7,7.4,-10.55,-2.35,-3.35,-5,-9.8,2.4,1.15,4.65,-9.7,11.65,8.4,0.45,
2026-07-28,58.45,-14.6,-9.05,-13.3,24.45,-2,-5.65,0.15,-0.45,-38.8,-2,14.3,11.6,-3.1,-8.4,12.55,6.6,12.7,10.35,6.1,-0.9,-12.2,0.4,-8.55,10.25,-10.45,-0.85,-11.65,8.6,11,9.9,-17.1,-3.1,-2.25,13.2,5.5,-8.75,0.4,5.8,-6.3,0.9,-2.1,-0.5,-1.4,-10.2,-3.3,2.35,-23.25,-4.1,11.8,-5.4,2,-1.65,-1.85,-2.65,25.15,-4.5,0.55,-5.35,-4.65,-1.55,-3.1,1.35,-12.85,19.25,6.3,-17.6,13.1,-5.9,-18.7,2.6,3.6,35.2,-11.35,-2.75,
2026-07-29,10.45,-9.8,0.65,12.35,20.15,3.7,6.15,-13,-17.9,18.35,16.2,1.65,-0.85,9.35,-6,9.45,-3,3.1,-14.7,-1.35,2.25,11.2,6.3,-5.05,-2.95,7.05,-4.65,-2.85,-8.45,10.4,-0.7,-2.95,-3.55,4.35,14.35,-5.6,-10.55,-1.65,-6.55,9.2,-4,-9.55,-10.8,16.05,1.35,7.05,15.95,4.5,-2.85,-7.75,-1.25,9.25,-9.95,-7.05,10,12.4,-7.4,17.35,-5.3,0.2,9.8,-4.15,2.7,-1.95,-7.25,-4,7.55,6.25,-0.25,-11.9,-4.1,-7.4,-9.7,-5.5,3.8,
2026-07-30,17,6.55,3.9,-0.1,-16.45,-2.85,14.3,-10.7,12.8,-1.05,-15.5,-18.4,-0.1,4.2,-17.75,4.85,5.35,15.65,-1.8,0.4,-4.25,5.45,-5,8.25,8.25,-5.9,8.25,2.95,-6.5,-4.55,-9.5,-1,6.7,-2,-7.55,0.45,6.25,-1.35,4.8,42.45,-2.55,4.7,-7.4,-2.85,-1,-13,-0.1,-17.05,0.65,14.4,-9.85,7.75,8.95,2.3,-8.35,15.35,-11.25,-2.25,-16.65,-8,2,-12.6,-9.6,11.3,22.4,-8.95,18.75,-8.65,5.3,26.75,18.1,-3.1,-2.15,20.7,-40.45,
2026-07-31,-10.95,2.85,-7.85,-32.5,-2.05,39,9.75,-3.9,3.35,-6.6,-9,4.75,1.55,6.45,-1.4,-9.8,17.25,-3.85,3.75,-4.15,1.55,0.55,-16.65,20.65,4.6,5.75,-0.75,-3.2,-1.75,3.35,-2.55,-0.5,1.7,-2.55,9.65,10.4,-6.85,3.8,7.65,6.9,3.3,5,11.1,-3.8,4.85,1.5,4.1,-4.35,6.3,2.9,-5.3,-19.1,0.95,-5.2,4.4,4.2,7.25,-18.3,-4.6,10.45,-8.05,3.2,-5.2,-20.7,-1.75,-13.15,8.65,-1.25,-10.2,23,12.9,-8.8,-13.4,2.4,-13.85,
2026-08-03,-42.6,-3.1,23.5,3.2,1.2,4.8,-10.2,11.5,5.95,4.3,-1.8,12.05,9.15,-9.8,2.4,-9.8,13.25,-0.3,5.1,2.25,-3.4,11.25,-3.9,-4.5,2.65,6.7,-6.25,-6.4,9,-1.5,5.35,3.65,-10.25,-3.3,9,4.5,5.9,0.3,-1.7,-10.7,-6.6,4.6,-12.55,4.35,-6.5,-6,4.75,-5.8,8.85,-3.3,5.4,8.55,-5.05,4.1,-2.5,-5.35,0.9,2.75,-1.65,4.75,-10.65,0.45,4.75,1.5,6.15,0.15,0.2,-5.5,2.8,-10.95,-13.15,4.75,0,,0,
2026-08-04,-104.1,10.95,-20.85,-7.85,13,17.6,11.45,-1.65,-3.25,-7.4,-16.75,1.55,-1.4,-23.75,-3.6,-11.25,-3,-2,-0.45,-4.55,-9.15,11.25,-2.75,0.8,0.05,-9.55,-10.9,-10.75,-0.5,-15.95,-24.7,-2,-10.15,-2.85,-16.25,3.4,6.35,-2.35,-5.65,-10.1,-5.85,-11.55,8.3,-4.6,-8.9,0.25,-10.95,-7.05,0.35,7.75,-21.55,-9.8,3.5,-14.95,10.65,-20.05,2.5,-5.2,2.4,9.85,22.2,-13.9,-5.5,-6.95,-1.55,-7.2,9.8,5.1,-9.85,-18.75,2.3,8.95,0,,0,
2026-08-05,-33,-10.4,-2.6,-11.55,9.45,5.3,-0.35,-36.95,1.7,17.1,-6.6,14.15,-10.95,3.1,-33.95,-2.65,1.1,10.75,13.25,4.8,25.3,4.05,-24.2,4.2,-8.8,-3.9,-9.3,-19.35,7.15,-4.9,-12.1,-11.25,-5.8,5,0.05,-4.65,-7.25,3.95,-6.2,-23.35,-4.3,-9.35,-9.75,-2.05,-8.2,12.8,4.35,-2.7,11.45,-24.25,2.5,-10.15,-0.7,-18.5,23.75,-11.95,-2.85,8.95,-2.2,-11.55,-6.55,-1.2,-1.15,-2.3,10.55,-11.05,11,-6.25,11.3,7.5,7.2,27.95,,,0,
2026-08-06,-15.05,10.5,-2.95,-13.2,7.4,9.6,11.75,2.1,-26.7,-23,6.65,9.8,-11.85,17.65,-3.75,-1,3.55,-3.3,-10.1,2,1.3,-1.15,8.45,13.45,10.1,5.05,2.6,-14.25,-9.15,-18,1.9,8.85,13.75,-5.85,-3.6,-8.55,2.15,-10.9,0.95,7.95,-3.25,2.65,-9.9,-4.85,-3.6,13.3,-15.9,-5.45,28.6,-32.9,8.5,12.65,-7.7,-0.4,-20.95,15,16.7,1.8,1.45,1.1,2.45,3,-2.2,-6.15,-5.8,-6,5,-9.15,-3.15,-11.5,3.95,-0.15,0,,0,
2026-08-07,53.3,18.45,-11.7,-2.3,2,12.4,-9.2,9.65,0.35,-13.25,-1.75,-14.5,-24.5,-4.5,-10.45,3.45,2.45,-7.1,4.95,3.15,-13.5,-16.35,10.15,-1.3,-6.45,11.3,6.05,-8,6.4,-7.7,-17.5,-9.35,3.75,-10,-3.05,-11.4,-5.4,-0.4,9.1,7.8,-2.25,-5.4,7.65,-9.2,-7.05,-0.2,-1.7,-12.5,-1.8,15.65,-0.05,-19.8,-1.45,-0.75,22.75,-5,-8.65,-12.3,-16.65,-12.35,7.75,3.45,-10.5,7.65,-7.55,1.2,16.55,-27.4,8.6,7.6,1.2,0.7,0,,0,
2026-08-10,21.45,-12.5,-34.05,-23.55,-6.2,-7.7,5.85,-1.4,6,2.15,-5.95,9.45,28.35,17.6,0.45,-9.65,7.85,8.75,-3.2,-13.2,-0.2,11.95,-8.9,10.4,-1.3,-1.35,2.65,-18.85,9.7,-13.5,7.75,-5.45,0.55,5.3,-1.3,12.7,1.4,-6.75,7.8,-1.05,3.1,-13.9,-3.3,-4.65,-4.1,2.85,-10.5,-5.25,13.75,-1.35,4.35,8.05,0.6,7.1,-2.05,0.35,-13.5,-0.9,7.25,-9.65,-4.05,3.35,-0.05,-4.9,-8.1,-1.15,-16.3,4.35,10.95,5.45,-18.85,4.7,0,,0,
2026-08-11,-70.35,-3.35,-12.55,1.45,-6.75,-3.1,-8.4,-3.1,19.5,0.15,-6.7,-6.75,-5.9,2.65,8.85,1.55,-1.85,-4.65,-6,8.05,-7.9,-17.55,-6.55,5.55,-2.1,-3.9,-3,-0.2,5,1.1,4.65,-11.45,2.15,-13.05,3.55,10.4,-4.7,-7.25,7.7,4.9,-3.55,10.95,6.45,-9.9,-8.4,16.05,5.55,-8.75,-3.35,1.9,2.9,14.5,-14.3,6,-2.15,-3.65,-3.35,-0.15,10,-1.4,-10.15,4.35,-10.35,-6.9,-8.05,6.45,3.05,0.6,4.4,6.9,-19.15,-4.35,0,,0,
2026-08-12,-65.3,13.1,32.5,-18.35,-13.9,-0.85,-26.25,5.85,-32.4,-16.9,-1.05,-0.15,7.25,-0.65,-5.15,20.95,-8.95,-11.4,-18.9,0.55,-42.25,-20.95,4.85,-4.45,3.4,-3.1,-8.2,4.8,-16.9,6.05,-4.85,-10.05,-3.75,-8.1,-0.7,-6.2,8.55,-3.45,7.1,6,-0.05,-6.75,-1.35,-8.45,0.4,4.2,-1.1,6.25,7.6,-0.65,-3.55,-0.8,-0.8,-5.7,-0.2,-3.2,-0.85,-7.55,4.15,-7.45,10.3,-0.7,5.4,21.95,-7.1,7.9,-5.75,50.6,-3.95,-7.75,-6.9,6.7,,,0,
2026-08-13,-89.05,3.3,-12,-17.7,13.4,4.4,2.05,3.6,-4.35,-9.2,-8.4,4.6,-9.65,-9.2,-11.75,1.65,4.6,2.65,8.55,-0.9,-3.95,-14.05,-1.05,-6.85,4.8,1.25,11.7,5.5,11.75,-10.15,6.55,-1.55,27.65,19.95,-6.25,-9.15,-5.25,6,-7.75,2.8,-9.35,0.1,-21.15,-3.75,-1.8,-8.6,3.45,-6.5,-9.35,-1.1,-0.5,-7.2,10.35,18.45,-7.7,4,6.15,-17.35,-21.05,-4.6,4.4,9.7,-4.45,-12.4,1.75,-6.7,-10.2,-2.85,-9.2,11.4,-9.8,4.25,0,,0,
2026-08-14,-39.2,1.15,-15.85,16.3,10.2,-6.4,8.7,-16.45,17.1,6.05,4.3,-9.2,-8.25,-3.35,-3.6,-22.65,12.75,2.5,8.55,2.35,-23.25,7.8,-7.7,0.2,12.35,-0.75,-12.45,3.05,2,5.5,-1.05,2.1,-3.65,-6.5,13.45,5.7,7,2.35,-6.45,-2.3,-3.2,-6.15,8.65,5.25,-0.35,-4.5,-3.15,5.05,-3.25,-0.45,-2.95,-10.15,18.55,8.65,26.3,1.65,8.6,-0.3,-5.95,-6.95,-3.25,-1.8,-5.7,-1,-2.6,0.3,-3.2,16.75,-6.3,1.2,-4.7,-16.7,0,,0,
2026-08-17,-37.4,-2.15,3.2,-19.4,6.65,7.35,3.35,-4.9,-16.4,6.45,0.95,-10.25,-16.75,-11.45,8,-5,-0.7,-14.05,0.75,3.3,-4.1,4.25,-5.05,0.8,-0.4,-5.35,10.6,2.3,-2.2,5.75,10.4,9.5,8.3,-5.1,-1.25,6.3,15.1,0.85,3.55,6.1,2.65,6.15,18.1,6.85,5.6,9.8,-4.7,7.7,3.1,-4.25,7.45,-3.35,-3.3,7.25,-10.2,-3.7,-2,4.35,-2.5,-10.35,8.45,-12.65,1.95,1,-0.7,6.85,4.8,7.05,-4.6,14.35,-1.6,-9.15,0,,0,
2026-08-18,15,4.75,-1.15,-13.75,13.8,-24.65,2.35,4.5,-2.15,-11.3,-1.8,-2.85,-7.05,1.65,7.85,4.2,-5.45,-12.5,-11.4,-10.7,3.3,3.9,1.75,-5.9,-6,-3.15,-12.85,6.9,5.15,0.4,1.6,-2.35,5.6,4.85,0.85,-4.5,-4,-3.85,5.9,1.45,-7.05,-10.65,7.55,0.2,-8.4,-6.3,6.35,2.55,2.45,-3.2,2.4,-5.2,-9.05,6.6,2.05,-9.95,-7.1,13.8,-11.8,-1,-5.95,2.3,4.25,-2.55,0.8,3.45,1.1,-2.6,6.95,-13.4,-8.1,-30.7,0,,0,
2026-08-19,-33.35,-13.7,-11.85,-24.4,3.15,4.05,8.8,4.4,-3.05,2.6,-7.1,-3.05,-20.55,-9.4,-2,-8.95,-6.9,4.4,-7,6.4,-6.65,-11,-8.8,4.65,1.5,-4.75,-0.25,-2.5,-8.5,2.1,12.4,10.95,-3.55,-20.55,-4.85,-5.65,6.15,4,-6.15,-7.5,-1.4,-1.7,-4.9,1.85,-2.1,6.6,0.85,-19.75,-4.9,-2.8,-2.6,-3.6,5.2,-5.7,-2.45,-3.6,2.55,8.1,-2.2,-5.5,-12.65,-11.2,7.25,10.45,-6.5,-0.5,-7.9,6.4,2.15,3.1,-17.65,8.55,,,0,
2026-08-20,-32.6,-6.3,5.25,6.95,4.4,10.05,-7.7,-1.05,2.35,1.85,4.7,10.6,-1.15,-1.5,-7.5,0.55,-4.7,7.35,4.1,-11.5,8.65,1.55,-2.8,-6.75,-6,-0.85,3.1,11.4,-0.65,0.7,0.3,1.1,3.8,-4.35,1.1,1.65,2.2,-4.55,2.55,-4.5,6.35,0.2,24.55,3.3,0.2,0.8,3.65,-1.45,-6.15,10.05,-2.65,1.85,-6.2,3.6,1.15,-5.7,-7.1,1.9,3.25,2.7,-0.05,5,5.45,-0.25,-0.95,-7.6,-0.3,-0.6,2.7,-6.7,-16.85,-3.6,,,0.9,
2026-08-21,-45.95,-17.25,10.4,-22.15,11.85,23.1,-0.4,7.15,-3.75,-7.5,-14.6,10.2,-3.45,11.65,11.3,-5.4,-1.15,3.95,0.15,11.45,-3.55,5.35,-7.05,2.6,-7.55,-0.1,1.7,2.15,-1.55,-6.25,3.05,-9.2,-6.05,0.1,-2.1,-2.9,4.75,3.3,-2.6,5.1,-6.6,-3.1,-2.7,2.9,-0.9,8.45,9.25,-6.05,1.95,-7.35,8.15,-7.55,-5.9,1.9,-4.15,1.75,0.7,-2.2,-5.35,5.4,5.55,2.55,3.5,-4.95,-3.7,1.6,2.75,0.6,-2.7,-0.1,-0.65,0.75,,,0,
2026-08-24,18.35,-0.9,-17.5,-13.6,4.65,-3.05,-1.2,-8.55,-5.1,-0.8,-0.8,0.8,4.05,-1.45,-2.1,1.95,-1.7,-1.25,-10.3,-3.15,-26.75,-13.25,-9.6,-11.35,2.85,-13.35,-1.25,-22.5,0.45,5.75,8.65,-6.1,-10.9,7.6,3.8,-1.2,-4.05,0.7,-10.75,-1.25,-4.85,-1.05,4.2,-4.45,-3,-12,-11.7,6.75,6.25,0.7,2.3,-13.3,2.35,-3.5,-1.85,-6.85,-4.05,-0.35,0.25,-13,2.85,-6.4,10.05,12.95,-4.05,-7.55,-6.15,5.2,1.8,-0.6,1.5,7.7,,,0,
2026-08-25,8.3,-10.45,5.45,8.7,-20,-20.6,-2.75,-18,-2.15,1.95,-10.1,5.15,-7.85,-16.15,4.05,1.45,-0.7,2.75,14.45,-2.2,-15.4,-4.75,-1.25,3.3,-1.55,2.85,-5.3,0.2,1.65,-2.75,-8.25,16.25,14.55,-0.8,-10.3,-2.45,-0.95,-4.95,-3.7,-0.9,-11.35,-8.45,0,-7.35,1,-13.4,-6,-11.5,0.4,-7.3,-0.7,4.25,3.7,1.55,-8.5,41.85,-22.5,-0.35,-5.75,0.1,4.75,1.15,19.2,13.5,-0.45,9.05,15.4,13.85,15.7,-1.5,-1.1,13.1,,,0,
2026-08-26,-23.65,37.05,-2.15,-6.25,11.55,15.95,-1.35,-5.55,1.45,-8.05,-11.95,-2.85,-24.75,-16,2.15,13.4,2.75,6.45,-10.35,1.3,0.75,-6.9,7.4,9,-20.4,-7.15,1.1,-4.55,8,-1.1,-8.9,-15.5,2.35,-12.2,-6.3,9.65,6.4,4.1,-12.55,1.05,-1.5,7.6,-5.95,0.3,0.7,-5.1,-1.8,-4.05,-5.8,-5.45,6.8,2,-2.2,-3.5,0.05,2.2,-1.2,4.95,-1.7,7.55,2.8,-2.65,0.55,5.4,-1,0.95,12,4.1,-3.3,-1.45,-11.9,1.15,,,0,
2026-08-27,-27.55,-24.65,-24.05,8.35,-11.9,13.75,10.75,-15.75,-13.85,-4.85,3.75,-12.35,3.85,-3.35,-2.35,5.5,-5.15,-16.6,-0.5,-10.9,-3.8,2.4,1.75,-11.25,-10.5,-7.15,4.1,11.85,-0.9,-3.45,-3.05,4,4.8,-5.15,-10.65,13.55,-9.5,-3.05,15.25,1.7,15.25,-0.95,3.65,9.45,-6.35,1.4,0.9,11.95,-6.8,7.35,-9.9,-4.1,3.2,-15.55,-20.7,-3.5,-8.4,-1.7,-5.25,6,10.8,5.95,9,-5.2,1.1,-10,9.05,-3.1,6.4,-7.85,-7,-10.3,,,0,
2026-08-28,-10.4,16.55,18.05,-2.9,-8.8,18.95,-14.45,6.6,0.3,-12.25,4.95,14.15,-3.25,3.6,-1.25,-10.45,-0.25,-7.1,6.35,-8.35,-1.3,3.45,-19.6,17.9,-11.2,-11.25,-22.05,-10.15,-7.15,4.05,-0.75,-8.15,-16.8,3.8,-3.65,0.15,1.15,-3.85,7.4,5.25,3.65,-1.05,4,-4.35,-10.25,-5.5,7.65,0,2.2,0.05,-14.55,12.6,0.65,0.45,-10.5,-1.55,6.7,-9,-0.1,6.95,-2.05,6.45,4.75,-0.25,-1.9,-1.35,7.65,10,-9.9,-19.55,14.05,20.65,,,0,
